PATH_TYPE	PATH_START	PATH_END	PATH_COUNT	PATH_STEP	SUBJECT_LABEL	PREDICATE_LABEL	OBJECT_LABEL	SUBJECT_URI	PREDICATE_URI	OBJECT_URI	SOURCE_FILE
NPDI	http://purl.obolibrary.org/obo/CHEBI_6956	http://purl.obolibrary.org/obo/CHEBI_8707	0	1	Mitragynine	molecularly interacts with	response to drug	http://purl.obolibrary.org/obo/CHEBI_6956	http://purl.obolibrary.org/obo/RO_0002436	http://purl.obolibrary.org/obo/GO_0042493	firstKGTests/PKG-paths-mitragynine-to-drug-to-AE.txt
NPDI	http://purl.obolibrary.org/obo/CHEBI_6956	http://purl.obolibrary.org/obo/CHEBI_8707	0	2	response to drug	molecularly interacts with	quetiapine fumarate	http://purl.obolibrary.org/obo/GO_0042493	http://purl.obolibrary.org/obo/RO_0002436	http://purl.obolibrary.org/obo/CHEBI_8708	firstKGTests/PKG-paths-mitragynine-to-drug-to-AE.txt
NPDI	http://purl.obolibrary.org/obo/CHEBI_6956	http://purl.obolibrary.org/obo/CHEBI_8707	0	3	quetiapine fumarate	has part	quetiapine	http://purl.obolibrary.org/obo/CHEBI_8708	http://purl.obolibrary.org/obo/BFO_0000051	http://purl.obolibrary.org/obo/CHEBI_8707	firstKGTests/PKG-paths-mitragynine-to-drug-to-AE.txt
NPDI	http://purl.obolibrary.org/obo/CHEBI_6956	http://purl.obolibrary.org/obo/CHEBI_8707	1	1	Mitragynine	molecularly interacts with	刺激反应	http://purl.obolibrary.org/obo/CHEBI_6956	http://purl.obolibrary.org/obo/RO_0002436	http://purl.obolibrary.org/obo/GO_0050896	firstKGTests/PKG-paths-mitragynine-to-drug-to-AE.txt
NPDI	http://purl.obolibrary.org/obo/CHEBI_6956	http://purl.obolibrary.org/obo/CHEBI_8707	1	2	刺激反应	molecularly interacts with	quetiapine fumarate	http://purl.obolibrary.org/obo/GO_0050896	http://purl.obolibrary.org/obo/RO_0002436	http://purl.obolibrary.org/obo/CHEBI_8708	firstKGTests/PKG-paths-mitragynine-to-drug-to-AE.txt
NPDI	http://purl.obolibrary.org/obo/CHEBI_6956	http://purl.obolibrary.org/obo/CHEBI_8707	1	3	quetiapine fumarate	has part	quetiapine	http://purl.obolibrary.org/obo/CHEBI_8708	http://purl.obolibrary.org/obo/BFO_0000051	http://purl.obolibrary.org/obo/CHEBI_8707	firstKGTests/PKG-paths-mitragynine-to-drug-to-AE.txt
NPDI	http://purl.obolibrary.org/obo/CHEBI_6956	http://purl.obolibrary.org/obo/CHEBI_8707	2	1	Mitragynine	molecularly interacts with	response to toxic substance	http://purl.obolibrary.org/obo/CHEBI_6956	http://purl.obolibrary.org/obo/RO_0002436	http://purl.obolibrary.org/obo/GO_0009636	firstKGTests/PKG-paths-mitragynine-to-drug-to-AE.txt
NPDI	http://purl.obolibrary.org/obo/CHEBI_6956	http://purl.obolibrary.org/obo/CHEBI_8707	2	2	response to toxic substance	molecularly interacts with	quetiapine fumarate	http://purl.obolibrary.org/obo/GO_0009636	http://purl.obolibrary.org/obo/RO_0002436	http://purl.obolibrary.org/obo/CHEBI_8708	firstKGTests/PKG-paths-mitragynine-to-drug-to-AE.txt
NPDI	http://purl.obolibrary.org/obo/CHEBI_6956	http://purl.obolibrary.org/obo/CHEBI_8707	2	3	quetiapine fumarate	has part	quetiapine	http://purl.obolibrary.org/obo/CHEBI_8708	http://purl.obolibrary.org/obo/BFO_0000051	http://purl.obolibrary.org/obo/CHEBI_8707	firstKGTests/PKG-paths-mitragynine-to-drug-to-AE.txt
NPDI	http://purl.obolibrary.org/obo/CHEBI_6956	http://purl.obolibrary.org/obo/CHEBI_8707	3	1	Mitragynine	interacts with	potassium voltage-gated channel subfamily H member 2 (human)	http://purl.obolibrary.org/obo/CHEBI_6956	http://purl.obolibrary.org/obo/RO_0002434	http://purl.obolibrary.org/obo/PR_Q12809	firstKGTests/PKG-paths-mitragynine-to-drug-to-AE.txt
NPDI	http://purl.obolibrary.org/obo/CHEBI_6956	http://purl.obolibrary.org/obo/CHEBI_8707	3	2	potassium voltage-gated channel subfamily H member 2 (human)	interacts with	quetiapine fumarate	http://purl.obolibrary.org/obo/PR_Q12809	http://purl.obolibrary.org/obo/RO_0002434	http://purl.obolibrary.org/obo/CHEBI_8708	firstKGTests/PKG-paths-mitragynine-to-drug-to-AE.txt
NPDI	http://purl.obolibrary.org/obo/CHEBI_6956	http://purl.obolibrary.org/obo/CHEBI_8707	3	3	quetiapine fumarate	has part	quetiapine	http://purl.obolibrary.org/obo/CHEBI_8708	http://purl.obolibrary.org/obo/BFO_0000051	http://purl.obolibrary.org/obo/CHEBI_8707	firstKGTests/PKG-paths-mitragynine-to-drug-to-AE.txt
NPDI	http://purl.obolibrary.org/obo/CHEBI_6956	http://purl.obolibrary.org/obo/CHEBI_8707	4	1	Mitragynine	molecularly interacts with	biological regulation	http://purl.obolibrary.org/obo/CHEBI_6956	http://purl.obolibrary.org/obo/RO_0002436	http://purl.obolibrary.org/obo/GO_0065007	firstKGTests/PKG-paths-mitragynine-to-drug-to-AE.txt
NPDI	http://purl.obolibrary.org/obo/CHEBI_6956	http://purl.obolibrary.org/obo/CHEBI_8707	4	2	biological regulation	molecularly interacts with	quetiapine fumarate	http://purl.obolibrary.org/obo/GO_0065007	http://purl.obolibrary.org/obo/RO_0002436	http://purl.obolibrary.org/obo/CHEBI_8708	firstKGTests/PKG-paths-mitragynine-to-drug-to-AE.txt
NPDI	http://purl.obolibrary.org/obo/CHEBI_6956	http://purl.obolibrary.org/obo/CHEBI_8707	4	3	quetiapine fumarate	has part	quetiapine	http://purl.obolibrary.org/obo/CHEBI_8708	http://purl.obolibrary.org/obo/BFO_0000051	http://purl.obolibrary.org/obo/CHEBI_8707	firstKGTests/PKG-paths-mitragynine-to-drug-to-AE.txt
NPDI	http://purl.obolibrary.org/obo/CHEBI_8707	http://purl.obolibrary.org/obo/HP_0001250	0	1	quetiapine	subClassOf	N-arylpiperazine	http://purl.obolibrary.org/obo/CHEBI_8707	http://www.w3.org/2000/01/rdf-schema#subClassOf	http://purl.obolibrary.org/obo/CHEBI_46848	firstKGTests/PKG-paths-mitragynine-to-drug-to-AE.txt
NPDI	http://purl.obolibrary.org/obo/CHEBI_8707	http://purl.obolibrary.org/obo/HP_0001250	0	2	N-arylpiperazine	subClassOf	piperazines	http://purl.obolibrary.org/obo/CHEBI_46848	http://www.w3.org/2000/01/rdf-schema#subClassOf	http://purl.obolibrary.org/obo/CHEBI_26144	firstKGTests/PKG-paths-mitragynine-to-drug-to-AE.txt
NPDI	http://purl.obolibrary.org/obo/CHEBI_8707	http://purl.obolibrary.org/obo/HP_0001250	0	3	piperazines	molecularly interacts with	monocarboxylic acid transport	http://purl.obolibrary.org/obo/CHEBI_26144	http://purl.obolibrary.org/obo/RO_0002436	http://purl.obolibrary.org/obo/GO_0015718	firstKGTests/PKG-paths-mitragynine-to-drug-to-AE.txt
NPDI	http://purl.obolibrary.org/obo/CHEBI_8707	http://purl.obolibrary.org/obo/HP_0001250	0	4	monocarboxylic acid transport	molecularly interacts with	azathioprine	http://purl.obolibrary.org/obo/GO_0015718	http://purl.obolibrary.org/obo/RO_0002436	http://purl.obolibrary.org/obo/CHEBI_2948	firstKGTests/PKG-paths-mitragynine-to-drug-to-AE.txt
NPDI	http://purl.obolibrary.org/obo/CHEBI_8707	http://purl.obolibrary.org/obo/HP_0001250	0	5	azathioprine	interacts with	ABCB1	http://purl.obolibrary.org/obo/CHEBI_2948	http://purl.obolibrary.org/obo/RO_0002434	https://www.ncbi.nlm.nih.gov/gene/5243	firstKGTests/PKG-paths-mitragynine-to-drug-to-AE.txt
NPDI	http://purl.obolibrary.org/obo/CHEBI_8707	http://purl.obolibrary.org/obo/HP_0001250	0	6	ABCB1	causes or contributes to condition	Seizures	https://www.ncbi.nlm.nih.gov/gene/5243	http://purl.obolibrary.org/obo/RO_0003302	http://purl.obolibrary.org/obo/HP_0001250	firstKGTests/PKG-paths-mitragynine-to-drug-to-AE.txt
NPDI	http://purl.obolibrary.org/obo/CHEBI_8707	http://purl.obolibrary.org/obo/HP_0001250	1	1	quetiapine	subClassOf	N-alkylpiperazine	http://purl.obolibrary.org/obo/CHEBI_8707	http://www.w3.org/2000/01/rdf-schema#subClassOf	http://purl.obolibrary.org/obo/CHEBI_46845	firstKGTests/PKG-paths-mitragynine-to-drug-to-AE.txt
NPDI	http://purl.obolibrary.org/obo/CHEBI_8707	http://purl.obolibrary.org/obo/HP_0001250	1	2	N-alkylpiperazine	subClassOf	piperazines	http://purl.obolibrary.org/obo/CHEBI_46845	http://www.w3.org/2000/01/rdf-schema#subClassOf	http://purl.obolibrary.org/obo/CHEBI_26144	firstKGTests/PKG-paths-mitragynine-to-drug-to-AE.txt
NPDI	http://purl.obolibrary.org/obo/CHEBI_8707	http://purl.obolibrary.org/obo/HP_0001250	1	3	piperazines	molecularly interacts with	monocarboxylic acid transport	http://purl.obolibrary.org/obo/CHEBI_26144	http://purl.obolibrary.org/obo/RO_0002436	http://purl.obolibrary.org/obo/GO_0015718	firstKGTests/PKG-paths-mitragynine-to-drug-to-AE.txt
NPDI	http://purl.obolibrary.org/obo/CHEBI_8707	http://purl.obolibrary.org/obo/HP_0001250	1	4	monocarboxylic acid transport	molecularly interacts with	azathioprine	http://purl.obolibrary.org/obo/GO_0015718	http://purl.obolibrary.org/obo/RO_0002436	http://purl.obolibrary.org/obo/CHEBI_2948	firstKGTests/PKG-paths-mitragynine-to-drug-to-AE.txt
NPDI	http://purl.obolibrary.org/obo/CHEBI_8707	http://purl.obolibrary.org/obo/HP_0001250	1	5	azathioprine	interacts with	ABCB1	http://purl.obolibrary.org/obo/CHEBI_2948	http://purl.obolibrary.org/obo/RO_0002434	https://www.ncbi.nlm.nih.gov/gene/5243	firstKGTests/PKG-paths-mitragynine-to-drug-to-AE.txt
NPDI	http://purl.obolibrary.org/obo/CHEBI_8707	http://purl.obolibrary.org/obo/HP_0001250	1	6	ABCB1	causes or contributes to condition	Seizures	https://www.ncbi.nlm.nih.gov/gene/5243	http://purl.obolibrary.org/obo/RO_0003302	http://purl.obolibrary.org/obo/HP_0001250	firstKGTests/PKG-paths-mitragynine-to-drug-to-AE.txt
NPDI	http://purl.obolibrary.org/obo/CHEBI_8707	http://purl.obolibrary.org/obo/HP_0001250	2	1	quetiapine	subClassOf	N-arylpiperazine	http://purl.obolibrary.org/obo/CHEBI_8707	http://www.w3.org/2000/01/rdf-schema#subClassOf	http://purl.obolibrary.org/obo/CHEBI_46848	firstKGTests/PKG-paths-mitragynine-to-drug-to-AE.txt
NPDI	http://purl.obolibrary.org/obo/CHEBI_8707	http://purl.obolibrary.org/obo/HP_0001250	2	2	N-arylpiperazine	subClassOf	piperazines	http://purl.obolibrary.org/obo/CHEBI_46848	http://www.w3.org/2000/01/rdf-schema#subClassOf	http://purl.obolibrary.org/obo/CHEBI_26144	firstKGTests/PKG-paths-mitragynine-to-drug-to-AE.txt
NPDI	http://purl.obolibrary.org/obo/CHEBI_8707	http://purl.obolibrary.org/obo/HP_0001250	2	3	piperazines	molecularly interacts with	binding	http://purl.obolibrary.org/obo/CHEBI_26144	http://purl.obolibrary.org/obo/RO_0002436	http://purl.obolibrary.org/obo/GO_0005488	firstKGTests/PKG-paths-mitragynine-to-drug-to-AE.txt
NPDI	http://purl.obolibrary.org/obo/CHEBI_8707	http://purl.obolibrary.org/obo/HP_0001250	2	4	binding	molecularly interacts with	azathioprine	http://purl.obolibrary.org/obo/GO_0005488	http://purl.obolibrary.org/obo/RO_0002436	http://purl.obolibrary.org/obo/CHEBI_2948	firstKGTests/PKG-paths-mitragynine-to-drug-to-AE.txt
NPDI	http://purl.obolibrary.org/obo/CHEBI_8707	http://purl.obolibrary.org/obo/HP_0001250	2	5	azathioprine	interacts with	ABCB1	http://purl.obolibrary.org/obo/CHEBI_2948	http://purl.obolibrary.org/obo/RO_0002434	https://www.ncbi.nlm.nih.gov/gene/5243	firstKGTests/PKG-paths-mitragynine-to-drug-to-AE.txt
NPDI	http://purl.obolibrary.org/obo/CHEBI_8707	http://purl.obolibrary.org/obo/HP_0001250	2	6	ABCB1	causes or contributes to condition	Seizures	https://www.ncbi.nlm.nih.gov/gene/5243	http://purl.obolibrary.org/obo/RO_0003302	http://purl.obolibrary.org/obo/HP_0001250	firstKGTests/PKG-paths-mitragynine-to-drug-to-AE.txt
NPDI	http://purl.obolibrary.org/obo/CHEBI_8707	http://purl.obolibrary.org/obo/HP_0001250	3	1	quetiapine	subClassOf	N-alkylpiperazine	http://purl.obolibrary.org/obo/CHEBI_8707	http://www.w3.org/2000/01/rdf-schema#subClassOf	http://purl.obolibrary.org/obo/CHEBI_46845	firstKGTests/PKG-paths-mitragynine-to-drug-to-AE.txt
NPDI	http://purl.obolibrary.org/obo/CHEBI_8707	http://purl.obolibrary.org/obo/HP_0001250	3	2	N-alkylpiperazine	subClassOf	piperazines	http://purl.obolibrary.org/obo/CHEBI_46845	http://www.w3.org/2000/01/rdf-schema#subClassOf	http://purl.obolibrary.org/obo/CHEBI_26144	firstKGTests/PKG-paths-mitragynine-to-drug-to-AE.txt
NPDI	http://purl.obolibrary.org/obo/CHEBI_8707	http://purl.obolibrary.org/obo/HP_0001250	3	3	piperazines	molecularly interacts with	binding	http://purl.obolibrary.org/obo/CHEBI_26144	http://purl.obolibrary.org/obo/RO_0002436	http://purl.obolibrary.org/obo/GO_0005488	firstKGTests/PKG-paths-mitragynine-to-drug-to-AE.txt
NPDI	http://purl.obolibrary.org/obo/CHEBI_8707	http://purl.obolibrary.org/obo/HP_0001250	3	4	binding	molecularly interacts with	azathioprine	http://purl.obolibrary.org/obo/GO_0005488	http://purl.obolibrary.org/obo/RO_0002436	http://purl.obolibrary.org/obo/CHEBI_2948	firstKGTests/PKG-paths-mitragynine-to-drug-to-AE.txt
NPDI	http://purl.obolibrary.org/obo/CHEBI_8707	http://purl.obolibrary.org/obo/HP_0001250	3	5	azathioprine	interacts with	ABCB1	http://purl.obolibrary.org/obo/CHEBI_2948	http://purl.obolibrary.org/obo/RO_0002434	https://www.ncbi.nlm.nih.gov/gene/5243	firstKGTests/PKG-paths-mitragynine-to-drug-to-AE.txt
NPDI	http://purl.obolibrary.org/obo/CHEBI_8707	http://purl.obolibrary.org/obo/HP_0001250	3	6	ABCB1	causes or contributes to condition	Seizures	https://www.ncbi.nlm.nih.gov/gene/5243	http://purl.obolibrary.org/obo/RO_0003302	http://purl.obolibrary.org/obo/HP_0001250	firstKGTests/PKG-paths-mitragynine-to-drug-to-AE.txt
NPDI	http://purl.obolibrary.org/obo/CHEBI_8707	http://purl.obolibrary.org/obo/HP_0001250	4	1	quetiapine	subClassOf	N-arylpiperazine	http://purl.obolibrary.org/obo/CHEBI_8707	http://www.w3.org/2000/01/rdf-schema#subClassOf	http://purl.obolibrary.org/obo/CHEBI_46848	firstKGTests/PKG-paths-mitragynine-to-drug-to-AE.txt
NPDI	http://purl.obolibrary.org/obo/CHEBI_8707	http://purl.obolibrary.org/obo/HP_0001250	4	2	N-arylpiperazine	subClassOf	piperazines	http://purl.obolibrary.org/obo/CHEBI_46848	http://www.w3.org/2000/01/rdf-schema#subClassOf	http://purl.obolibrary.org/obo/CHEBI_26144	firstKGTests/PKG-paths-mitragynine-to-drug-to-AE.txt
NPDI	http://purl.obolibrary.org/obo/CHEBI_8707	http://purl.obolibrary.org/obo/HP_0001250	4	3	piperazines	molecularly interacts with	positive regulation of T cell activation	http://purl.obolibrary.org/obo/CHEBI_26144	http://purl.obolibrary.org/obo/RO_0002436	http://purl.obolibrary.org/obo/GO_0050870	firstKGTests/PKG-paths-mitragynine-to-drug-to-AE.txt
NPDI	http://purl.obolibrary.org/obo/CHEBI_8707	http://purl.obolibrary.org/obo/HP_0001250	4	4	positive regulation of T cell activation	molecularly interacts with	azathioprine	http://purl.obolibrary.org/obo/GO_0050870	http://purl.obolibrary.org/obo/RO_0002436	http://purl.obolibrary.org/obo/CHEBI_2948	firstKGTests/PKG-paths-mitragynine-to-drug-to-AE.txt
NPDI	http://purl.obolibrary.org/obo/CHEBI_8707	http://purl.obolibrary.org/obo/HP_0001250	4	5	azathioprine	interacts with	ABCB1	http://purl.obolibrary.org/obo/CHEBI_2948	http://purl.obolibrary.org/obo/RO_0002434	https://www.ncbi.nlm.nih.gov/gene/5243	firstKGTests/PKG-paths-mitragynine-to-drug-to-AE.txt
NPDI	http://purl.obolibrary.org/obo/CHEBI_8707	http://purl.obolibrary.org/obo/HP_0001250	4	6	ABCB1	causes or contributes to condition	Seizures	https://www.ncbi.nlm.nih.gov/gene/5243	http://purl.obolibrary.org/obo/RO_0003302	http://purl.obolibrary.org/obo/HP_0001250	firstKGTests/PKG-paths-mitragynine-to-drug-to-AE.txt
NPDI	http://purl.obolibrary.org/obo/CHEBI_6956	http://purl.obolibrary.org/obo/CHEBI_4636	0	1	Mitragynine	molecularly interacts with	response to drug	http://purl.obolibrary.org/obo/CHEBI_6956	http://purl.obolibrary.org/obo/RO_0002436	http://purl.obolibrary.org/obo/GO_0042493	firstKGTests/PKG-paths-mitragynine-to-drug-to-AE.txt
NPDI	http://purl.obolibrary.org/obo/CHEBI_6956	http://purl.obolibrary.org/obo/CHEBI_4636	0	2	response to drug	molecularly interacts with	diphenhydramine	http://purl.obolibrary.org/obo/GO_0042493	http://purl.obolibrary.org/obo/RO_0002436	http://purl.obolibrary.org/obo/CHEBI_4636	firstKGTests/PKG-paths-mitragynine-to-drug-to-AE.txt
NPDI	http://purl.obolibrary.org/obo/CHEBI_6956	http://purl.obolibrary.org/obo/CHEBI_4636	1	1	Mitragynine	molecularly interacts with	刺激反应	http://purl.obolibrary.org/obo/CHEBI_6956	http://purl.obolibrary.org/obo/RO_0002436	http://purl.obolibrary.org/obo/GO_0050896	firstKGTests/PKG-paths-mitragynine-to-drug-to-AE.txt
NPDI	http://purl.obolibrary.org/obo/CHEBI_6956	http://purl.obolibrary.org/obo/CHEBI_4636	1	2	刺激反应	molecularly interacts with	diphenhydramine	http://purl.obolibrary.org/obo/GO_0050896	http://purl.obolibrary.org/obo/RO_0002436	http://purl.obolibrary.org/obo/CHEBI_4636	firstKGTests/PKG-paths-mitragynine-to-drug-to-AE.txt
NPDI	http://purl.obolibrary.org/obo/CHEBI_6956	http://purl.obolibrary.org/obo/CHEBI_4636	2	1	Mitragynine	molecularly interacts with	biological regulation	http://purl.obolibrary.org/obo/CHEBI_6956	http://purl.obolibrary.org/obo/RO_0002436	http://purl.obolibrary.org/obo/GO_0065007	firstKGTests/PKG-paths-mitragynine-to-drug-to-AE.txt
NPDI	http://purl.obolibrary.org/obo/CHEBI_6956	http://purl.obolibrary.org/obo/CHEBI_4636	2	2	biological regulation	molecularly interacts with	diphenhydramine	http://purl.obolibrary.org/obo/GO_0065007	http://purl.obolibrary.org/obo/RO_0002436	http://purl.obolibrary.org/obo/CHEBI_4636	firstKGTests/PKG-paths-mitragynine-to-drug-to-AE.txt
NPDI	http://purl.obolibrary.org/obo/CHEBI_6956	http://purl.obolibrary.org/obo/CHEBI_4636	3	1	Mitragynine	molecularly interacts with	response to chemical	http://purl.obolibrary.org/obo/CHEBI_6956	http://purl.obolibrary.org/obo/RO_0002436	http://purl.obolibrary.org/obo/GO_0042221	firstKGTests/PKG-paths-mitragynine-to-drug-to-AE.txt
NPDI	http://purl.obolibrary.org/obo/CHEBI_6956	http://purl.obolibrary.org/obo/CHEBI_4636	3	2	response to chemical	molecularly interacts with	diphenhydramine	http://purl.obolibrary.org/obo/GO_0042221	http://purl.obolibrary.org/obo/RO_0002436	http://purl.obolibrary.org/obo/CHEBI_4636	firstKGTests/PKG-paths-mitragynine-to-drug-to-AE.txt
NPDI	http://purl.obolibrary.org/obo/CHEBI_6956	http://purl.obolibrary.org/obo/CHEBI_4636	4	1	Mitragynine	molecularly interacts with	cell part	http://purl.obolibrary.org/obo/CHEBI_6956	http://purl.obolibrary.org/obo/RO_0002436	http://purl.obolibrary.org/obo/GO_0044464	firstKGTests/PKG-paths-mitragynine-to-drug-to-AE.txt
NPDI	http://purl.obolibrary.org/obo/CHEBI_6956	http://purl.obolibrary.org/obo/CHEBI_4636	4	2	cell part	molecularly interacts with	diphenhydramine	http://purl.obolibrary.org/obo/GO_0044464	http://purl.obolibrary.org/obo/RO_0002436	http://purl.obolibrary.org/obo/CHEBI_4636	firstKGTests/PKG-paths-mitragynine-to-drug-to-AE.txt
NPDI	http://purl.obolibrary.org/obo/CHEBI_4636	http://purl.obolibrary.org/obo/HP_0100598	0	1	diphenhydramine	molecularly interacts with	positive regulation of biological process	http://purl.obolibrary.org/obo/CHEBI_4636	http://purl.obolibrary.org/obo/RO_0002436	http://purl.obolibrary.org/obo/GO_0048518	firstKGTests/PKG-paths-mitragynine-to-drug-to-AE.txt
NPDI	http://purl.obolibrary.org/obo/CHEBI_4636	http://purl.obolibrary.org/obo/HP_0100598	0	2	positive regulation of biological process	molecularly interacts with	aflatoxin B1	http://purl.obolibrary.org/obo/GO_0048518	http://purl.obolibrary.org/obo/RO_0002436	http://purl.obolibrary.org/obo/CHEBI_2504	firstKGTests/PKG-paths-mitragynine-to-drug-to-AE.txt
NPDI	http://purl.obolibrary.org/obo/CHEBI_4636	http://purl.obolibrary.org/obo/HP_0100598	0	3	aflatoxin B1	interacts with	GHRH	http://purl.obolibrary.org/obo/CHEBI_2504	http://purl.obolibrary.org/obo/RO_0002434	https://www.ncbi.nlm.nih.gov/gene/2691	firstKGTests/PKG-paths-mitragynine-to-drug-to-AE.txt
NPDI	http://purl.obolibrary.org/obo/CHEBI_4636	http://purl.obolibrary.org/obo/HP_0100598	0	4	GHRH	causes or contributes to condition	Pulmonary edema	https://www.ncbi.nlm.nih.gov/gene/2691	http://purl.obolibrary.org/obo/RO_0003302	http://purl.obolibrary.org/obo/HP_0100598	firstKGTests/PKG-paths-mitragynine-to-drug-to-AE.txt
NPDI	http://purl.obolibrary.org/obo/CHEBI_4636	http://purl.obolibrary.org/obo/HP_0100598	1	1	diphenhydramine	molecularly interacts with	lymphocyte mediated immunity	http://purl.obolibrary.org/obo/CHEBI_4636	http://purl.obolibrary.org/obo/RO_0002436	http://purl.obolibrary.org/obo/GO_0002449	firstKGTests/PKG-paths-mitragynine-to-drug-to-AE.txt
NPDI	http://purl.obolibrary.org/obo/CHEBI_4636	http://purl.obolibrary.org/obo/HP_0100598	1	2	lymphocyte mediated immunity	molecularly interacts with	aflatoxin B1	http://purl.obolibrary.org/obo/GO_0002449	http://purl.obolibrary.org/obo/RO_0002436	http://purl.obolibrary.org/obo/CHEBI_2504	firstKGTests/PKG-paths-mitragynine-to-drug-to-AE.txt
NPDI	http://purl.obolibrary.org/obo/CHEBI_4636	http://purl.obolibrary.org/obo/HP_0100598	1	3	aflatoxin B1	interacts with	GHRH	http://purl.obolibrary.org/obo/CHEBI_2504	http://purl.obolibrary.org/obo/RO_0002434	https://www.ncbi.nlm.nih.gov/gene/2691	firstKGTests/PKG-paths-mitragynine-to-drug-to-AE.txt
NPDI	http://purl.obolibrary.org/obo/CHEBI_4636	http://purl.obolibrary.org/obo/HP_0100598	1	4	GHRH	causes or contributes to condition	Pulmonary edema	https://www.ncbi.nlm.nih.gov/gene/2691	http://purl.obolibrary.org/obo/RO_0003302	http://purl.obolibrary.org/obo/HP_0100598	firstKGTests/PKG-paths-mitragynine-to-drug-to-AE.txt
NPDI	http://purl.obolibrary.org/obo/CHEBI_4636	http://purl.obolibrary.org/obo/HP_0100598	2	1	diphenhydramine	molecularly interacts with	protein activation cascade	http://purl.obolibrary.org/obo/CHEBI_4636	http://purl.obolibrary.org/obo/RO_0002436	http://purl.obolibrary.org/obo/GO_0072376	firstKGTests/PKG-paths-mitragynine-to-drug-to-AE.txt
NPDI	http://purl.obolibrary.org/obo/CHEBI_4636	http://purl.obolibrary.org/obo/HP_0100598	2	2	protein activation cascade	molecularly interacts with	aflatoxin B1	http://purl.obolibrary.org/obo/GO_0072376	http://purl.obolibrary.org/obo/RO_0002436	http://purl.obolibrary.org/obo/CHEBI_2504	firstKGTests/PKG-paths-mitragynine-to-drug-to-AE.txt
NPDI	http://purl.obolibrary.org/obo/CHEBI_4636	http://purl.obolibrary.org/obo/HP_0100598	2	3	aflatoxin B1	interacts with	GHRH	http://purl.obolibrary.org/obo/CHEBI_2504	http://purl.obolibrary.org/obo/RO_0002434	https://www.ncbi.nlm.nih.gov/gene/2691	firstKGTests/PKG-paths-mitragynine-to-drug-to-AE.txt
NPDI	http://purl.obolibrary.org/obo/CHEBI_4636	http://purl.obolibrary.org/obo/HP_0100598	2	4	GHRH	causes or contributes to condition	Pulmonary edema	https://www.ncbi.nlm.nih.gov/gene/2691	http://purl.obolibrary.org/obo/RO_0003302	http://purl.obolibrary.org/obo/HP_0100598	firstKGTests/PKG-paths-mitragynine-to-drug-to-AE.txt
NPDI	http://purl.obolibrary.org/obo/CHEBI_4636	http://purl.obolibrary.org/obo/HP_0100598	3	1	diphenhydramine	molecularly interacts with	response to chemical	http://purl.obolibrary.org/obo/CHEBI_4636	http://purl.obolibrary.org/obo/RO_0002436	http://purl.obolibrary.org/obo/GO_0042221	firstKGTests/PKG-paths-mitragynine-to-drug-to-AE.txt
NPDI	http://purl.obolibrary.org/obo/CHEBI_4636	http://purl.obolibrary.org/obo/HP_0100598	3	2	response to chemical	molecularly interacts with	aflatoxin B1	http://purl.obolibrary.org/obo/GO_0042221	http://purl.obolibrary.org/obo/RO_0002436	http://purl.obolibrary.org/obo/CHEBI_2504	firstKGTests/PKG-paths-mitragynine-to-drug-to-AE.txt
NPDI	http://purl.obolibrary.org/obo/CHEBI_4636	http://purl.obolibrary.org/obo/HP_0100598	3	3	aflatoxin B1	interacts with	GHRH	http://purl.obolibrary.org/obo/CHEBI_2504	http://purl.obolibrary.org/obo/RO_0002434	https://www.ncbi.nlm.nih.gov/gene/2691	firstKGTests/PKG-paths-mitragynine-to-drug-to-AE.txt
NPDI	http://purl.obolibrary.org/obo/CHEBI_4636	http://purl.obolibrary.org/obo/HP_0100598	3	4	GHRH	causes or contributes to condition	Pulmonary edema	https://www.ncbi.nlm.nih.gov/gene/2691	http://purl.obolibrary.org/obo/RO_0003302	http://purl.obolibrary.org/obo/HP_0100598	firstKGTests/PKG-paths-mitragynine-to-drug-to-AE.txt
NPDI	http://purl.obolibrary.org/obo/CHEBI_4636	http://purl.obolibrary.org/obo/HP_0100598	4	1	diphenhydramine	interacts with	<no label found>	http://purl.obolibrary.org/obo/CHEBI_4636	http://purl.obolibrary.org/obo/RO_0002434	https://uswest.ensembl.org/Homo_sapiens/Transcript/Summary?t=ENST00000307407	firstKGTests/PKG-paths-mitragynine-to-drug-to-AE.txt
NPDI	http://purl.obolibrary.org/obo/CHEBI_4636	http://purl.obolibrary.org/obo/HP_0100598	4	2	<no label found>	interacts with	aflatoxin B1	https://uswest.ensembl.org/Homo_sapiens/Transcript/Summary?t=ENST00000307407	http://purl.obolibrary.org/obo/RO_0002434	http://purl.obolibrary.org/obo/CHEBI_2504	firstKGTests/PKG-paths-mitragynine-to-drug-to-AE.txt
NPDI	http://purl.obolibrary.org/obo/CHEBI_4636	http://purl.obolibrary.org/obo/HP_0100598	4	3	aflatoxin B1	interacts with	GHRH	http://purl.obolibrary.org/obo/CHEBI_2504	http://purl.obolibrary.org/obo/RO_0002434	https://www.ncbi.nlm.nih.gov/gene/2691	firstKGTests/PKG-paths-mitragynine-to-drug-to-AE.txt
NPDI	http://purl.obolibrary.org/obo/CHEBI_4636	http://purl.obolibrary.org/obo/HP_0100598	4	4	GHRH	causes or contributes to condition	Pulmonary edema	https://www.ncbi.nlm.nih.gov/gene/2691	http://purl.obolibrary.org/obo/RO_0003302	http://purl.obolibrary.org/obo/HP_0100598	firstKGTests/PKG-paths-mitragynine-to-drug-to-AE.txt
NPDI	http://purl.obolibrary.org/obo/CHEBI_6956	http://purl.obolibrary.org/obo/CHEBI_60654	0	1	Mitragynine	molecularly interacts with	long-chain fatty acid metabolic process	http://purl.obolibrary.org/obo/CHEBI_6956	http://purl.obolibrary.org/obo/RO_0002436	http://purl.obolibrary.org/obo/GO_0001676	firstKGTests/PKG-paths-mitragynine-to-drug-to-AE.txt
NPDI	http://purl.obolibrary.org/obo/CHEBI_6956	http://purl.obolibrary.org/obo/CHEBI_60654	0	2	long-chain fatty acid metabolic process	molecularly interacts with	valproic acid	http://purl.obolibrary.org/obo/GO_0001676	http://purl.obolibrary.org/obo/RO_0002436	http://purl.obolibrary.org/obo/CHEBI_39867	firstKGTests/PKG-paths-mitragynine-to-drug-to-AE.txt
NPDI	http://purl.obolibrary.org/obo/CHEBI_6956	http://purl.obolibrary.org/obo/CHEBI_60654	0	3	valproic acid	http://purl.obolibrary.org/obo/chebi#is_conjugate_acid_of	valproate	http://purl.obolibrary.org/obo/CHEBI_39867	http://purl.obolibrary.org/obo/chebi#is_conjugate_acid_of	http://purl.obolibrary.org/obo/CHEBI_60654	firstKGTests/PKG-paths-mitragynine-to-drug-to-AE.txt
NPDI	http://purl.obolibrary.org/obo/CHEBI_6956	http://purl.obolibrary.org/obo/CHEBI_60654	1	1	Mitragynine	molecularly interacts with	heme binding	http://purl.obolibrary.org/obo/CHEBI_6956	http://purl.obolibrary.org/obo/RO_0002436	http://purl.obolibrary.org/obo/GO_0020037	firstKGTests/PKG-paths-mitragynine-to-drug-to-AE.txt
NPDI	http://purl.obolibrary.org/obo/CHEBI_6956	http://purl.obolibrary.org/obo/CHEBI_60654	1	2	heme binding	molecularly interacts with	valproic acid	http://purl.obolibrary.org/obo/GO_0020037	http://purl.obolibrary.org/obo/RO_0002436	http://purl.obolibrary.org/obo/CHEBI_39867	firstKGTests/PKG-paths-mitragynine-to-drug-to-AE.txt
NPDI	http://purl.obolibrary.org/obo/CHEBI_6956	http://purl.obolibrary.org/obo/CHEBI_60654	1	3	valproic acid	http://purl.obolibrary.org/obo/chebi#is_conjugate_acid_of	valproate	http://purl.obolibrary.org/obo/CHEBI_39867	http://purl.obolibrary.org/obo/chebi#is_conjugate_acid_of	http://purl.obolibrary.org/obo/CHEBI_60654	firstKGTests/PKG-paths-mitragynine-to-drug-to-AE.txt
NPDI	http://purl.obolibrary.org/obo/CHEBI_6956	http://purl.obolibrary.org/obo/CHEBI_60654	2	1	Mitragynine	interacts with	<no label found>	http://purl.obolibrary.org/obo/CHEBI_6956	http://purl.obolibrary.org/obo/RO_0002434	https://uswest.ensembl.org/Homo_sapiens/Transcript/Summary?t=ENST00000415003	firstKGTests/PKG-paths-mitragynine-to-drug-to-AE.txt
NPDI	http://purl.obolibrary.org/obo/CHEBI_6956	http://purl.obolibrary.org/obo/CHEBI_60654	2	2	<no label found>	interacts with	valproic acid	https://uswest.ensembl.org/Homo_sapiens/Transcript/Summary?t=ENST00000415003	http://purl.obolibrary.org/obo/RO_0002434	http://purl.obolibrary.org/obo/CHEBI_39867	firstKGTests/PKG-paths-mitragynine-to-drug-to-AE.txt
NPDI	http://purl.obolibrary.org/obo/CHEBI_6956	http://purl.obolibrary.org/obo/CHEBI_60654	2	3	valproic acid	http://purl.obolibrary.org/obo/chebi#is_conjugate_acid_of	valproate	http://purl.obolibrary.org/obo/CHEBI_39867	http://purl.obolibrary.org/obo/chebi#is_conjugate_acid_of	http://purl.obolibrary.org/obo/CHEBI_60654	firstKGTests/PKG-paths-mitragynine-to-drug-to-AE.txt
NPDI	http://purl.obolibrary.org/obo/CHEBI_6956	http://purl.obolibrary.org/obo/CHEBI_60654	3	1	Mitragynine	molecularly interacts with	response to drug	http://purl.obolibrary.org/obo/CHEBI_6956	http://purl.obolibrary.org/obo/RO_0002436	http://purl.obolibrary.org/obo/GO_0042493	firstKGTests/PKG-paths-mitragynine-to-drug-to-AE.txt
NPDI	http://purl.obolibrary.org/obo/CHEBI_6956	http://purl.obolibrary.org/obo/CHEBI_60654	3	2	response to drug	molecularly interacts with	valproic acid	http://purl.obolibrary.org/obo/GO_0042493	http://purl.obolibrary.org/obo/RO_0002436	http://purl.obolibrary.org/obo/CHEBI_39867	firstKGTests/PKG-paths-mitragynine-to-drug-to-AE.txt
NPDI	http://purl.obolibrary.org/obo/CHEBI_6956	http://purl.obolibrary.org/obo/CHEBI_60654	3	3	valproic acid	http://purl.obolibrary.org/obo/chebi#is_conjugate_acid_of	valproate	http://purl.obolibrary.org/obo/CHEBI_39867	http://purl.obolibrary.org/obo/chebi#is_conjugate_acid_of	http://purl.obolibrary.org/obo/CHEBI_60654	firstKGTests/PKG-paths-mitragynine-to-drug-to-AE.txt
NPDI	http://purl.obolibrary.org/obo/CHEBI_6956	http://purl.obolibrary.org/obo/CHEBI_60654	4	1	Mitragynine	molecularly interacts with	刺激反应	http://purl.obolibrary.org/obo/CHEBI_6956	http://purl.obolibrary.org/obo/RO_0002436	http://purl.obolibrary.org/obo/GO_0050896	firstKGTests/PKG-paths-mitragynine-to-drug-to-AE.txt
NPDI	http://purl.obolibrary.org/obo/CHEBI_6956	http://purl.obolibrary.org/obo/CHEBI_60654	4	2	刺激反应	molecularly interacts with	valproic acid	http://purl.obolibrary.org/obo/GO_0050896	http://purl.obolibrary.org/obo/RO_0002436	http://purl.obolibrary.org/obo/CHEBI_39867	firstKGTests/PKG-paths-mitragynine-to-drug-to-AE.txt
NPDI	http://purl.obolibrary.org/obo/CHEBI_6956	http://purl.obolibrary.org/obo/CHEBI_60654	4	3	valproic acid	http://purl.obolibrary.org/obo/chebi#is_conjugate_acid_of	valproate	http://purl.obolibrary.org/obo/CHEBI_39867	http://purl.obolibrary.org/obo/chebi#is_conjugate_acid_of	http://purl.obolibrary.org/obo/CHEBI_60654	firstKGTests/PKG-paths-mitragynine-to-drug-to-AE.txt
NPDI	http://purl.obolibrary.org/obo/CHEBI_60654	http://purl.obolibrary.org/obo/HP_0001250	0	1	valproate	http://purl.obolibrary.org/obo/chebi#is_conjugate_base_of	valproic acid	http://purl.obolibrary.org/obo/CHEBI_60654	http://purl.obolibrary.org/obo/chebi#is_conjugate_base_of	http://purl.obolibrary.org/obo/CHEBI_39867	firstKGTests/PKG-paths-mitragynine-to-drug-to-AE.txt
NPDI	http://purl.obolibrary.org/obo/CHEBI_60654	http://purl.obolibrary.org/obo/HP_0001250	0	2	valproic acid	interacts with	TSC2	http://purl.obolibrary.org/obo/CHEBI_39867	http://purl.obolibrary.org/obo/RO_0002434	https://www.ncbi.nlm.nih.gov/gene/7249	firstKGTests/PKG-paths-mitragynine-to-drug-to-AE.txt
NPDI	http://purl.obolibrary.org/obo/CHEBI_60654	http://purl.obolibrary.org/obo/HP_0001250	0	3	TSC2	causes or contributes to condition	Seizures	https://www.ncbi.nlm.nih.gov/gene/7249	http://purl.obolibrary.org/obo/RO_0003302	http://purl.obolibrary.org/obo/HP_0001250	firstKGTests/PKG-paths-mitragynine-to-drug-to-AE.txt
NPDI	http://purl.obolibrary.org/obo/CHEBI_60654	http://purl.obolibrary.org/obo/HP_0001250	1	1	valproate	http://purl.obolibrary.org/obo/chebi#is_conjugate_base_of	valproic acid	http://purl.obolibrary.org/obo/CHEBI_60654	http://purl.obolibrary.org/obo/chebi#is_conjugate_base_of	http://purl.obolibrary.org/obo/CHEBI_39867	firstKGTests/PKG-paths-mitragynine-to-drug-to-AE.txt
NPDI	http://purl.obolibrary.org/obo/CHEBI_60654	http://purl.obolibrary.org/obo/HP_0001250	1	2	valproic acid	interacts with	PTGS2	http://purl.obolibrary.org/obo/CHEBI_39867	http://purl.obolibrary.org/obo/RO_0002434	https://www.ncbi.nlm.nih.gov/gene/5743	firstKGTests/PKG-paths-mitragynine-to-drug-to-AE.txt
NPDI	http://purl.obolibrary.org/obo/CHEBI_60654	http://purl.obolibrary.org/obo/HP_0001250	1	3	PTGS2	causes or contributes to condition	Seizures	https://www.ncbi.nlm.nih.gov/gene/5743	http://purl.obolibrary.org/obo/RO_0003302	http://purl.obolibrary.org/obo/HP_0001250	firstKGTests/PKG-paths-mitragynine-to-drug-to-AE.txt
NPDI	http://purl.obolibrary.org/obo/CHEBI_60654	http://purl.obolibrary.org/obo/HP_0001250	2	1	valproate	http://purl.obolibrary.org/obo/chebi#is_conjugate_base_of	valproic acid	http://purl.obolibrary.org/obo/CHEBI_60654	http://purl.obolibrary.org/obo/chebi#is_conjugate_base_of	http://purl.obolibrary.org/obo/CHEBI_39867	firstKGTests/PKG-paths-mitragynine-to-drug-to-AE.txt
NPDI	http://purl.obolibrary.org/obo/CHEBI_60654	http://purl.obolibrary.org/obo/HP_0001250	2	2	valproic acid	interacts with	TCF4	http://purl.obolibrary.org/obo/CHEBI_39867	http://purl.obolibrary.org/obo/RO_0002434	https://www.ncbi.nlm.nih.gov/gene/6925	firstKGTests/PKG-paths-mitragynine-to-drug-to-AE.txt
NPDI	http://purl.obolibrary.org/obo/CHEBI_60654	http://purl.obolibrary.org/obo/HP_0001250	2	3	TCF4	causes or contributes to condition	Seizures	https://www.ncbi.nlm.nih.gov/gene/6925	http://purl.obolibrary.org/obo/RO_0003302	http://purl.obolibrary.org/obo/HP_0001250	firstKGTests/PKG-paths-mitragynine-to-drug-to-AE.txt
NPDI	http://purl.obolibrary.org/obo/CHEBI_60654	http://purl.obolibrary.org/obo/HP_0001250	3	1	valproate	http://purl.obolibrary.org/obo/chebi#is_conjugate_base_of	valproic acid	http://purl.obolibrary.org/obo/CHEBI_60654	http://purl.obolibrary.org/obo/chebi#is_conjugate_base_of	http://purl.obolibrary.org/obo/CHEBI_39867	firstKGTests/PKG-paths-mitragynine-to-drug-to-AE.txt
NPDI	http://purl.obolibrary.org/obo/CHEBI_60654	http://purl.obolibrary.org/obo/HP_0001250	3	2	valproic acid	interacts with	FGFR3	http://purl.obolibrary.org/obo/CHEBI_39867	http://purl.obolibrary.org/obo/RO_0002434	https://www.ncbi.nlm.nih.gov/gene/2261	firstKGTests/PKG-paths-mitragynine-to-drug-to-AE.txt
NPDI	http://purl.obolibrary.org/obo/CHEBI_60654	http://purl.obolibrary.org/obo/HP_0001250	3	3	FGFR3	causes or contributes to condition	Seizures	https://www.ncbi.nlm.nih.gov/gene/2261	http://purl.obolibrary.org/obo/RO_0003302	http://purl.obolibrary.org/obo/HP_0001250	firstKGTests/PKG-paths-mitragynine-to-drug-to-AE.txt
NPDI	http://purl.obolibrary.org/obo/CHEBI_60654	http://purl.obolibrary.org/obo/HP_0001250	4	1	valproate	http://purl.obolibrary.org/obo/chebi#is_conjugate_base_of	valproic acid	http://purl.obolibrary.org/obo/CHEBI_60654	http://purl.obolibrary.org/obo/chebi#is_conjugate_base_of	http://purl.obolibrary.org/obo/CHEBI_39867	firstKGTests/PKG-paths-mitragynine-to-drug-to-AE.txt
NPDI	http://purl.obolibrary.org/obo/CHEBI_60654	http://purl.obolibrary.org/obo/HP_0001250	4	2	valproic acid	interacts with	ADPRS	http://purl.obolibrary.org/obo/CHEBI_39867	http://purl.obolibrary.org/obo/RO_0002434	https://www.ncbi.nlm.nih.gov/gene/54936	firstKGTests/PKG-paths-mitragynine-to-drug-to-AE.txt
NPDI	http://purl.obolibrary.org/obo/CHEBI_60654	http://purl.obolibrary.org/obo/HP_0001250	4	3	ADPRS	causes or contributes to condition	Seizures	https://www.ncbi.nlm.nih.gov/gene/54936	http://purl.obolibrary.org/obo/RO_0003302	http://purl.obolibrary.org/obo/HP_0001250	firstKGTests/PKG-paths-mitragynine-to-drug-to-AE.txt
NPDI	http://purl.obolibrary.org/obo/CHEBI_6956	http://purl.obolibrary.org/obo/CHEBI_60654	0	1	Mitragynine	molecularly interacts with	long-chain fatty acid metabolic process	http://purl.obolibrary.org/obo/CHEBI_6956	http://purl.obolibrary.org/obo/RO_0002436	http://purl.obolibrary.org/obo/GO_0001676	firstKGTests/PKG-paths-mitragynine-to-drug-to-AE.txt
NPDI	http://purl.obolibrary.org/obo/CHEBI_6956	http://purl.obolibrary.org/obo/CHEBI_60654	0	2	long-chain fatty acid metabolic process	molecularly interacts with	valproic acid	http://purl.obolibrary.org/obo/GO_0001676	http://purl.obolibrary.org/obo/RO_0002436	http://purl.obolibrary.org/obo/CHEBI_39867	firstKGTests/PKG-paths-mitragynine-to-drug-to-AE.txt
NPDI	http://purl.obolibrary.org/obo/CHEBI_6956	http://purl.obolibrary.org/obo/CHEBI_60654	0	3	valproic acid	http://purl.obolibrary.org/obo/chebi#is_conjugate_acid_of	valproate	http://purl.obolibrary.org/obo/CHEBI_39867	http://purl.obolibrary.org/obo/chebi#is_conjugate_acid_of	http://purl.obolibrary.org/obo/CHEBI_60654	firstKGTests/PKG-paths-mitragynine-to-drug-to-AE.txt
NPDI	http://purl.obolibrary.org/obo/CHEBI_6956	http://purl.obolibrary.org/obo/CHEBI_60654	1	1	Mitragynine	molecularly interacts with	heme binding	http://purl.obolibrary.org/obo/CHEBI_6956	http://purl.obolibrary.org/obo/RO_0002436	http://purl.obolibrary.org/obo/GO_0020037	firstKGTests/PKG-paths-mitragynine-to-drug-to-AE.txt
NPDI	http://purl.obolibrary.org/obo/CHEBI_6956	http://purl.obolibrary.org/obo/CHEBI_60654	1	2	heme binding	molecularly interacts with	valproic acid	http://purl.obolibrary.org/obo/GO_0020037	http://purl.obolibrary.org/obo/RO_0002436	http://purl.obolibrary.org/obo/CHEBI_39867	firstKGTests/PKG-paths-mitragynine-to-drug-to-AE.txt
NPDI	http://purl.obolibrary.org/obo/CHEBI_6956	http://purl.obolibrary.org/obo/CHEBI_60654	1	3	valproic acid	http://purl.obolibrary.org/obo/chebi#is_conjugate_acid_of	valproate	http://purl.obolibrary.org/obo/CHEBI_39867	http://purl.obolibrary.org/obo/chebi#is_conjugate_acid_of	http://purl.obolibrary.org/obo/CHEBI_60654	firstKGTests/PKG-paths-mitragynine-to-drug-to-AE.txt
NPDI	http://purl.obolibrary.org/obo/CHEBI_6956	http://purl.obolibrary.org/obo/CHEBI_60654	2	1	Mitragynine	interacts with	<no label found>	http://purl.obolibrary.org/obo/CHEBI_6956	http://purl.obolibrary.org/obo/RO_0002434	https://uswest.ensembl.org/Homo_sapiens/Transcript/Summary?t=ENST00000415003	firstKGTests/PKG-paths-mitragynine-to-drug-to-AE.txt
NPDI	http://purl.obolibrary.org/obo/CHEBI_6956	http://purl.obolibrary.org/obo/CHEBI_60654	2	2	<no label found>	interacts with	valproic acid	https://uswest.ensembl.org/Homo_sapiens/Transcript/Summary?t=ENST00000415003	http://purl.obolibrary.org/obo/RO_0002434	http://purl.obolibrary.org/obo/CHEBI_39867	firstKGTests/PKG-paths-mitragynine-to-drug-to-AE.txt
NPDI	http://purl.obolibrary.org/obo/CHEBI_6956	http://purl.obolibrary.org/obo/CHEBI_60654	2	3	valproic acid	http://purl.obolibrary.org/obo/chebi#is_conjugate_acid_of	valproate	http://purl.obolibrary.org/obo/CHEBI_39867	http://purl.obolibrary.org/obo/chebi#is_conjugate_acid_of	http://purl.obolibrary.org/obo/CHEBI_60654	firstKGTests/PKG-paths-mitragynine-to-drug-to-AE.txt
NPDI	http://purl.obolibrary.org/obo/CHEBI_6956	http://purl.obolibrary.org/obo/CHEBI_60654	3	1	Mitragynine	molecularly interacts with	response to drug	http://purl.obolibrary.org/obo/CHEBI_6956	http://purl.obolibrary.org/obo/RO_0002436	http://purl.obolibrary.org/obo/GO_0042493	firstKGTests/PKG-paths-mitragynine-to-drug-to-AE.txt
NPDI	http://purl.obolibrary.org/obo/CHEBI_6956	http://purl.obolibrary.org/obo/CHEBI_60654	3	2	response to drug	molecularly interacts with	valproic acid	http://purl.obolibrary.org/obo/GO_0042493	http://purl.obolibrary.org/obo/RO_0002436	http://purl.obolibrary.org/obo/CHEBI_39867	firstKGTests/PKG-paths-mitragynine-to-drug-to-AE.txt
NPDI	http://purl.obolibrary.org/obo/CHEBI_6956	http://purl.obolibrary.org/obo/CHEBI_60654	3	3	valproic acid	http://purl.obolibrary.org/obo/chebi#is_conjugate_acid_of	valproate	http://purl.obolibrary.org/obo/CHEBI_39867	http://purl.obolibrary.org/obo/chebi#is_conjugate_acid_of	http://purl.obolibrary.org/obo/CHEBI_60654	firstKGTests/PKG-paths-mitragynine-to-drug-to-AE.txt
NPDI	http://purl.obolibrary.org/obo/CHEBI_6956	http://purl.obolibrary.org/obo/CHEBI_60654	4	1	Mitragynine	molecularly interacts with	刺激反应	http://purl.obolibrary.org/obo/CHEBI_6956	http://purl.obolibrary.org/obo/RO_0002436	http://purl.obolibrary.org/obo/GO_0050896	firstKGTests/PKG-paths-mitragynine-to-drug-to-AE.txt
NPDI	http://purl.obolibrary.org/obo/CHEBI_6956	http://purl.obolibrary.org/obo/CHEBI_60654	4	2	刺激反应	molecularly interacts with	valproic acid	http://purl.obolibrary.org/obo/GO_0050896	http://purl.obolibrary.org/obo/RO_0002436	http://purl.obolibrary.org/obo/CHEBI_39867	firstKGTests/PKG-paths-mitragynine-to-drug-to-AE.txt
NPDI	http://purl.obolibrary.org/obo/CHEBI_6956	http://purl.obolibrary.org/obo/CHEBI_60654	4	3	valproic acid	http://purl.obolibrary.org/obo/chebi#is_conjugate_acid_of	valproate	http://purl.obolibrary.org/obo/CHEBI_39867	http://purl.obolibrary.org/obo/chebi#is_conjugate_acid_of	http://purl.obolibrary.org/obo/CHEBI_60654	firstKGTests/PKG-paths-mitragynine-to-drug-to-AE.txt
NPDI	http://purl.obolibrary.org/obo/CHEBI_60654	http://purl.obolibrary.org/obo/HP_0002045	0	1	valproate	http://purl.obolibrary.org/obo/chebi#is_conjugate_base_of	valproic acid	http://purl.obolibrary.org/obo/CHEBI_60654	http://purl.obolibrary.org/obo/chebi#is_conjugate_base_of	http://purl.obolibrary.org/obo/CHEBI_39867	firstKGTests/PKG-paths-mitragynine-to-drug-to-AE.txt
NPDI	http://purl.obolibrary.org/obo/CHEBI_60654	http://purl.obolibrary.org/obo/HP_0002045	0	2	valproic acid	interacts with	LHB	http://purl.obolibrary.org/obo/CHEBI_39867	http://purl.obolibrary.org/obo/RO_0002434	https://www.ncbi.nlm.nih.gov/gene/3972	firstKGTests/PKG-paths-mitragynine-to-drug-to-AE.txt
NPDI	http://purl.obolibrary.org/obo/CHEBI_60654	http://purl.obolibrary.org/obo/HP_0002045	0	3	LHB	causes or contributes to condition	Hypothermia	https://www.ncbi.nlm.nih.gov/gene/3972	http://purl.obolibrary.org/obo/RO_0003302	http://purl.obolibrary.org/obo/HP_0002045	firstKGTests/PKG-paths-mitragynine-to-drug-to-AE.txt
NPDI	http://purl.obolibrary.org/obo/CHEBI_60654	http://purl.obolibrary.org/obo/HP_0002045	1	1	valproate	http://purl.obolibrary.org/obo/chebi#is_conjugate_base_of	valproic acid	http://purl.obolibrary.org/obo/CHEBI_60654	http://purl.obolibrary.org/obo/chebi#is_conjugate_base_of	http://purl.obolibrary.org/obo/CHEBI_39867	firstKGTests/PKG-paths-mitragynine-to-drug-to-AE.txt
NPDI	http://purl.obolibrary.org/obo/CHEBI_60654	http://purl.obolibrary.org/obo/HP_0002045	1	2	valproic acid	interacts with	TSHB	http://purl.obolibrary.org/obo/CHEBI_39867	http://purl.obolibrary.org/obo/RO_0002434	https://www.ncbi.nlm.nih.gov/gene/7252	firstKGTests/PKG-paths-mitragynine-to-drug-to-AE.txt
NPDI	http://purl.obolibrary.org/obo/CHEBI_60654	http://purl.obolibrary.org/obo/HP_0002045	1	3	TSHB	causes or contributes to condition	Hypothermia	https://www.ncbi.nlm.nih.gov/gene/7252	http://purl.obolibrary.org/obo/RO_0003302	http://purl.obolibrary.org/obo/HP_0002045	firstKGTests/PKG-paths-mitragynine-to-drug-to-AE.txt
NPDI	http://purl.obolibrary.org/obo/CHEBI_60654	http://purl.obolibrary.org/obo/HP_0002045	2	1	valproate	http://purl.obolibrary.org/obo/chebi#is_conjugate_base_of	valproic acid	http://purl.obolibrary.org/obo/CHEBI_60654	http://purl.obolibrary.org/obo/chebi#is_conjugate_base_of	http://purl.obolibrary.org/obo/CHEBI_39867	firstKGTests/PKG-paths-mitragynine-to-drug-to-AE.txt
NPDI	http://purl.obolibrary.org/obo/CHEBI_60654	http://purl.obolibrary.org/obo/HP_0002045	2	2	valproic acid	interacts with	NCF1	http://purl.obolibrary.org/obo/CHEBI_39867	http://purl.obolibrary.org/obo/RO_0002434	https://www.ncbi.nlm.nih.gov/gene/653361	firstKGTests/PKG-paths-mitragynine-to-drug-to-AE.txt
NPDI	http://purl.obolibrary.org/obo/CHEBI_60654	http://purl.obolibrary.org/obo/HP_0002045	2	3	NCF1	causes or contributes to condition	Hypothermia	https://www.ncbi.nlm.nih.gov/gene/653361	http://purl.obolibrary.org/obo/RO_0003302	http://purl.obolibrary.org/obo/HP_0002045	firstKGTests/PKG-paths-mitragynine-to-drug-to-AE.txt
NPDI	http://purl.obolibrary.org/obo/CHEBI_60654	http://purl.obolibrary.org/obo/HP_0002045	3	1	valproate	http://purl.obolibrary.org/obo/chebi#is_conjugate_base_of	valproic acid	http://purl.obolibrary.org/obo/CHEBI_60654	http://purl.obolibrary.org/obo/chebi#is_conjugate_base_of	http://purl.obolibrary.org/obo/CHEBI_39867	firstKGTests/PKG-paths-mitragynine-to-drug-to-AE.txt
NPDI	http://purl.obolibrary.org/obo/CHEBI_60654	http://purl.obolibrary.org/obo/HP_0002045	3	2	valproic acid	interacts with	GCG	http://purl.obolibrary.org/obo/CHEBI_39867	http://purl.obolibrary.org/obo/RO_0002434	https://www.ncbi.nlm.nih.gov/gene/2641	firstKGTests/PKG-paths-mitragynine-to-drug-to-AE.txt
NPDI	http://purl.obolibrary.org/obo/CHEBI_60654	http://purl.obolibrary.org/obo/HP_0002045	3	3	GCG	causes or contributes to condition	Hypothermia	https://www.ncbi.nlm.nih.gov/gene/2641	http://purl.obolibrary.org/obo/RO_0003302	http://purl.obolibrary.org/obo/HP_0002045	firstKGTests/PKG-paths-mitragynine-to-drug-to-AE.txt
NPDI	http://purl.obolibrary.org/obo/CHEBI_60654	http://purl.obolibrary.org/obo/HP_0002045	4	1	valproate	http://purl.obolibrary.org/obo/chebi#is_conjugate_base_of	valproic acid	http://purl.obolibrary.org/obo/CHEBI_60654	http://purl.obolibrary.org/obo/chebi#is_conjugate_base_of	http://purl.obolibrary.org/obo/CHEBI_39867	firstKGTests/PKG-paths-mitragynine-to-drug-to-AE.txt
NPDI	http://purl.obolibrary.org/obo/CHEBI_60654	http://purl.obolibrary.org/obo/HP_0002045	4	2	valproic acid	interacts with	CHRNB2	http://purl.obolibrary.org/obo/CHEBI_39867	http://purl.obolibrary.org/obo/RO_0002434	https://www.ncbi.nlm.nih.gov/gene/1141	firstKGTests/PKG-paths-mitragynine-to-drug-to-AE.txt
NPDI	http://purl.obolibrary.org/obo/CHEBI_60654	http://purl.obolibrary.org/obo/HP_0002045	4	3	CHRNB2	causes or contributes to condition	Hypothermia	https://www.ncbi.nlm.nih.gov/gene/1141	http://purl.obolibrary.org/obo/RO_0003302	http://purl.obolibrary.org/obo/HP_0002045	firstKGTests/PKG-paths-mitragynine-to-drug-to-AE.txt
NPDI	http://purl.obolibrary.org/obo/CHEBI_6956	http://purl.obolibrary.org/obo/CHEBI_8707	0	1	Mitragynine	molecularly interacts with	response to drug	http://purl.obolibrary.org/obo/CHEBI_6956	http://purl.obolibrary.org/obo/RO_0002436	http://purl.obolibrary.org/obo/GO_0042493	firstKGTests/PKG-paths-mitragynine-to-drug-to-AE.txt
NPDI	http://purl.obolibrary.org/obo/CHEBI_6956	http://purl.obolibrary.org/obo/CHEBI_8707	0	2	response to drug	molecularly interacts with	quetiapine fumarate	http://purl.obolibrary.org/obo/GO_0042493	http://purl.obolibrary.org/obo/RO_0002436	http://purl.obolibrary.org/obo/CHEBI_8708	firstKGTests/PKG-paths-mitragynine-to-drug-to-AE.txt
NPDI	http://purl.obolibrary.org/obo/CHEBI_6956	http://purl.obolibrary.org/obo/CHEBI_8707	0	3	quetiapine fumarate	has part	quetiapine	http://purl.obolibrary.org/obo/CHEBI_8708	http://purl.obolibrary.org/obo/BFO_0000051	http://purl.obolibrary.org/obo/CHEBI_8707	firstKGTests/PKG-paths-mitragynine-to-drug-to-AE.txt
NPDI	http://purl.obolibrary.org/obo/CHEBI_6956	http://purl.obolibrary.org/obo/CHEBI_8707	1	1	Mitragynine	molecularly interacts with	刺激反应	http://purl.obolibrary.org/obo/CHEBI_6956	http://purl.obolibrary.org/obo/RO_0002436	http://purl.obolibrary.org/obo/GO_0050896	firstKGTests/PKG-paths-mitragynine-to-drug-to-AE.txt
NPDI	http://purl.obolibrary.org/obo/CHEBI_6956	http://purl.obolibrary.org/obo/CHEBI_8707	1	2	刺激反应	molecularly interacts with	quetiapine fumarate	http://purl.obolibrary.org/obo/GO_0050896	http://purl.obolibrary.org/obo/RO_0002436	http://purl.obolibrary.org/obo/CHEBI_8708	firstKGTests/PKG-paths-mitragynine-to-drug-to-AE.txt
NPDI	http://purl.obolibrary.org/obo/CHEBI_6956	http://purl.obolibrary.org/obo/CHEBI_8707	1	3	quetiapine fumarate	has part	quetiapine	http://purl.obolibrary.org/obo/CHEBI_8708	http://purl.obolibrary.org/obo/BFO_0000051	http://purl.obolibrary.org/obo/CHEBI_8707	firstKGTests/PKG-paths-mitragynine-to-drug-to-AE.txt
NPDI	http://purl.obolibrary.org/obo/CHEBI_6956	http://purl.obolibrary.org/obo/CHEBI_8707	2	1	Mitragynine	molecularly interacts with	response to toxic substance	http://purl.obolibrary.org/obo/CHEBI_6956	http://purl.obolibrary.org/obo/RO_0002436	http://purl.obolibrary.org/obo/GO_0009636	firstKGTests/PKG-paths-mitragynine-to-drug-to-AE.txt
NPDI	http://purl.obolibrary.org/obo/CHEBI_6956	http://purl.obolibrary.org/obo/CHEBI_8707	2	2	response to toxic substance	molecularly interacts with	quetiapine fumarate	http://purl.obolibrary.org/obo/GO_0009636	http://purl.obolibrary.org/obo/RO_0002436	http://purl.obolibrary.org/obo/CHEBI_8708	firstKGTests/PKG-paths-mitragynine-to-drug-to-AE.txt
NPDI	http://purl.obolibrary.org/obo/CHEBI_6956	http://purl.obolibrary.org/obo/CHEBI_8707	2	3	quetiapine fumarate	has part	quetiapine	http://purl.obolibrary.org/obo/CHEBI_8708	http://purl.obolibrary.org/obo/BFO_0000051	http://purl.obolibrary.org/obo/CHEBI_8707	firstKGTests/PKG-paths-mitragynine-to-drug-to-AE.txt
NPDI	http://purl.obolibrary.org/obo/CHEBI_6956	http://purl.obolibrary.org/obo/CHEBI_8707	3	1	Mitragynine	interacts with	potassium voltage-gated channel subfamily H member 2 (human)	http://purl.obolibrary.org/obo/CHEBI_6956	http://purl.obolibrary.org/obo/RO_0002434	http://purl.obolibrary.org/obo/PR_Q12809	firstKGTests/PKG-paths-mitragynine-to-drug-to-AE.txt
NPDI	http://purl.obolibrary.org/obo/CHEBI_6956	http://purl.obolibrary.org/obo/CHEBI_8707	3	2	potassium voltage-gated channel subfamily H member 2 (human)	interacts with	quetiapine fumarate	http://purl.obolibrary.org/obo/PR_Q12809	http://purl.obolibrary.org/obo/RO_0002434	http://purl.obolibrary.org/obo/CHEBI_8708	firstKGTests/PKG-paths-mitragynine-to-drug-to-AE.txt
NPDI	http://purl.obolibrary.org/obo/CHEBI_6956	http://purl.obolibrary.org/obo/CHEBI_8707	3	3	quetiapine fumarate	has part	quetiapine	http://purl.obolibrary.org/obo/CHEBI_8708	http://purl.obolibrary.org/obo/BFO_0000051	http://purl.obolibrary.org/obo/CHEBI_8707	firstKGTests/PKG-paths-mitragynine-to-drug-to-AE.txt
NPDI	http://purl.obolibrary.org/obo/CHEBI_6956	http://purl.obolibrary.org/obo/CHEBI_8707	4	1	Mitragynine	molecularly interacts with	biological regulation	http://purl.obolibrary.org/obo/CHEBI_6956	http://purl.obolibrary.org/obo/RO_0002436	http://purl.obolibrary.org/obo/GO_0065007	firstKGTests/PKG-paths-mitragynine-to-drug-to-AE.txt
NPDI	http://purl.obolibrary.org/obo/CHEBI_6956	http://purl.obolibrary.org/obo/CHEBI_8707	4	2	biological regulation	molecularly interacts with	quetiapine fumarate	http://purl.obolibrary.org/obo/GO_0065007	http://purl.obolibrary.org/obo/RO_0002436	http://purl.obolibrary.org/obo/CHEBI_8708	firstKGTests/PKG-paths-mitragynine-to-drug-to-AE.txt
NPDI	http://purl.obolibrary.org/obo/CHEBI_6956	http://purl.obolibrary.org/obo/CHEBI_8707	4	3	quetiapine fumarate	has part	quetiapine	http://purl.obolibrary.org/obo/CHEBI_8708	http://purl.obolibrary.org/obo/BFO_0000051	http://purl.obolibrary.org/obo/CHEBI_8707	firstKGTests/PKG-paths-mitragynine-to-drug-to-AE.txt
NPDI	http://purl.obolibrary.org/obo/CHEBI_8707	http://purl.obolibrary.org/obo/HP_0002045	0	1	quetiapine	subClassOf	N-arylpiperazine	http://purl.obolibrary.org/obo/CHEBI_8707	http://www.w3.org/2000/01/rdf-schema#subClassOf	http://purl.obolibrary.org/obo/CHEBI_46848	firstKGTests/PKG-paths-mitragynine-to-drug-to-AE.txt
NPDI	http://purl.obolibrary.org/obo/CHEBI_8707	http://purl.obolibrary.org/obo/HP_0002045	0	2	N-arylpiperazine	subClassOf	piperazines	http://purl.obolibrary.org/obo/CHEBI_46848	http://www.w3.org/2000/01/rdf-schema#subClassOf	http://purl.obolibrary.org/obo/CHEBI_26144	firstKGTests/PKG-paths-mitragynine-to-drug-to-AE.txt
NPDI	http://purl.obolibrary.org/obo/CHEBI_8707	http://purl.obolibrary.org/obo/HP_0002045	0	3	piperazines	molecularly interacts with	monocarboxylic acid transport	http://purl.obolibrary.org/obo/CHEBI_26144	http://purl.obolibrary.org/obo/RO_0002436	http://purl.obolibrary.org/obo/GO_0015718	firstKGTests/PKG-paths-mitragynine-to-drug-to-AE.txt
NPDI	http://purl.obolibrary.org/obo/CHEBI_8707	http://purl.obolibrary.org/obo/HP_0002045	0	4	monocarboxylic acid transport	molecularly interacts with	Cocaine	http://purl.obolibrary.org/obo/GO_0015718	http://purl.obolibrary.org/obo/RO_0002436	http://purl.obolibrary.org/obo/CHEBI_27958	firstKGTests/PKG-paths-mitragynine-to-drug-to-AE.txt
NPDI	http://purl.obolibrary.org/obo/CHEBI_8707	http://purl.obolibrary.org/obo/HP_0002045	0	5	Cocaine	interacts with	CNR1	http://purl.obolibrary.org/obo/CHEBI_27958	http://purl.obolibrary.org/obo/RO_0002434	https://www.ncbi.nlm.nih.gov/gene/1268	firstKGTests/PKG-paths-mitragynine-to-drug-to-AE.txt
NPDI	http://purl.obolibrary.org/obo/CHEBI_8707	http://purl.obolibrary.org/obo/HP_0002045	0	6	CNR1	causes or contributes to condition	Hypothermia	https://www.ncbi.nlm.nih.gov/gene/1268	http://purl.obolibrary.org/obo/RO_0003302	http://purl.obolibrary.org/obo/HP_0002045	firstKGTests/PKG-paths-mitragynine-to-drug-to-AE.txt
NPDI	http://purl.obolibrary.org/obo/CHEBI_8707	http://purl.obolibrary.org/obo/HP_0002045	1	1	quetiapine	subClassOf	N-alkylpiperazine	http://purl.obolibrary.org/obo/CHEBI_8707	http://www.w3.org/2000/01/rdf-schema#subClassOf	http://purl.obolibrary.org/obo/CHEBI_46845	firstKGTests/PKG-paths-mitragynine-to-drug-to-AE.txt
NPDI	http://purl.obolibrary.org/obo/CHEBI_8707	http://purl.obolibrary.org/obo/HP_0002045	1	2	N-alkylpiperazine	subClassOf	piperazines	http://purl.obolibrary.org/obo/CHEBI_46845	http://www.w3.org/2000/01/rdf-schema#subClassOf	http://purl.obolibrary.org/obo/CHEBI_26144	firstKGTests/PKG-paths-mitragynine-to-drug-to-AE.txt
NPDI	http://purl.obolibrary.org/obo/CHEBI_8707	http://purl.obolibrary.org/obo/HP_0002045	1	3	piperazines	molecularly interacts with	monocarboxylic acid transport	http://purl.obolibrary.org/obo/CHEBI_26144	http://purl.obolibrary.org/obo/RO_0002436	http://purl.obolibrary.org/obo/GO_0015718	firstKGTests/PKG-paths-mitragynine-to-drug-to-AE.txt
NPDI	http://purl.obolibrary.org/obo/CHEBI_8707	http://purl.obolibrary.org/obo/HP_0002045	1	4	monocarboxylic acid transport	molecularly interacts with	Cocaine	http://purl.obolibrary.org/obo/GO_0015718	http://purl.obolibrary.org/obo/RO_0002436	http://purl.obolibrary.org/obo/CHEBI_27958	firstKGTests/PKG-paths-mitragynine-to-drug-to-AE.txt
NPDI	http://purl.obolibrary.org/obo/CHEBI_8707	http://purl.obolibrary.org/obo/HP_0002045	1	5	Cocaine	interacts with	CNR1	http://purl.obolibrary.org/obo/CHEBI_27958	http://purl.obolibrary.org/obo/RO_0002434	https://www.ncbi.nlm.nih.gov/gene/1268	firstKGTests/PKG-paths-mitragynine-to-drug-to-AE.txt
NPDI	http://purl.obolibrary.org/obo/CHEBI_8707	http://purl.obolibrary.org/obo/HP_0002045	1	6	CNR1	causes or contributes to condition	Hypothermia	https://www.ncbi.nlm.nih.gov/gene/1268	http://purl.obolibrary.org/obo/RO_0003302	http://purl.obolibrary.org/obo/HP_0002045	firstKGTests/PKG-paths-mitragynine-to-drug-to-AE.txt
NPDI	http://purl.obolibrary.org/obo/CHEBI_8707	http://purl.obolibrary.org/obo/HP_0002045	2	1	quetiapine	subClassOf	N-arylpiperazine	http://purl.obolibrary.org/obo/CHEBI_8707	http://www.w3.org/2000/01/rdf-schema#subClassOf	http://purl.obolibrary.org/obo/CHEBI_46848	firstKGTests/PKG-paths-mitragynine-to-drug-to-AE.txt
NPDI	http://purl.obolibrary.org/obo/CHEBI_8707	http://purl.obolibrary.org/obo/HP_0002045	2	2	N-arylpiperazine	subClassOf	piperazines	http://purl.obolibrary.org/obo/CHEBI_46848	http://www.w3.org/2000/01/rdf-schema#subClassOf	http://purl.obolibrary.org/obo/CHEBI_26144	firstKGTests/PKG-paths-mitragynine-to-drug-to-AE.txt
NPDI	http://purl.obolibrary.org/obo/CHEBI_8707	http://purl.obolibrary.org/obo/HP_0002045	2	3	piperazines	molecularly interacts with	binding	http://purl.obolibrary.org/obo/CHEBI_26144	http://purl.obolibrary.org/obo/RO_0002436	http://purl.obolibrary.org/obo/GO_0005488	firstKGTests/PKG-paths-mitragynine-to-drug-to-AE.txt
NPDI	http://purl.obolibrary.org/obo/CHEBI_8707	http://purl.obolibrary.org/obo/HP_0002045	2	4	binding	molecularly interacts with	Cocaine	http://purl.obolibrary.org/obo/GO_0005488	http://purl.obolibrary.org/obo/RO_0002436	http://purl.obolibrary.org/obo/CHEBI_27958	firstKGTests/PKG-paths-mitragynine-to-drug-to-AE.txt
NPDI	http://purl.obolibrary.org/obo/CHEBI_8707	http://purl.obolibrary.org/obo/HP_0002045	2	5	Cocaine	interacts with	CNR1	http://purl.obolibrary.org/obo/CHEBI_27958	http://purl.obolibrary.org/obo/RO_0002434	https://www.ncbi.nlm.nih.gov/gene/1268	firstKGTests/PKG-paths-mitragynine-to-drug-to-AE.txt
NPDI	http://purl.obolibrary.org/obo/CHEBI_8707	http://purl.obolibrary.org/obo/HP_0002045	2	6	CNR1	causes or contributes to condition	Hypothermia	https://www.ncbi.nlm.nih.gov/gene/1268	http://purl.obolibrary.org/obo/RO_0003302	http://purl.obolibrary.org/obo/HP_0002045	firstKGTests/PKG-paths-mitragynine-to-drug-to-AE.txt
NPDI	http://purl.obolibrary.org/obo/CHEBI_8707	http://purl.obolibrary.org/obo/HP_0002045	3	1	quetiapine	subClassOf	N-alkylpiperazine	http://purl.obolibrary.org/obo/CHEBI_8707	http://www.w3.org/2000/01/rdf-schema#subClassOf	http://purl.obolibrary.org/obo/CHEBI_46845	firstKGTests/PKG-paths-mitragynine-to-drug-to-AE.txt
NPDI	http://purl.obolibrary.org/obo/CHEBI_8707	http://purl.obolibrary.org/obo/HP_0002045	3	2	N-alkylpiperazine	subClassOf	piperazines	http://purl.obolibrary.org/obo/CHEBI_46845	http://www.w3.org/2000/01/rdf-schema#subClassOf	http://purl.obolibrary.org/obo/CHEBI_26144	firstKGTests/PKG-paths-mitragynine-to-drug-to-AE.txt
NPDI	http://purl.obolibrary.org/obo/CHEBI_8707	http://purl.obolibrary.org/obo/HP_0002045	3	3	piperazines	molecularly interacts with	binding	http://purl.obolibrary.org/obo/CHEBI_26144	http://purl.obolibrary.org/obo/RO_0002436	http://purl.obolibrary.org/obo/GO_0005488	firstKGTests/PKG-paths-mitragynine-to-drug-to-AE.txt
NPDI	http://purl.obolibrary.org/obo/CHEBI_8707	http://purl.obolibrary.org/obo/HP_0002045	3	4	binding	molecularly interacts with	Cocaine	http://purl.obolibrary.org/obo/GO_0005488	http://purl.obolibrary.org/obo/RO_0002436	http://purl.obolibrary.org/obo/CHEBI_27958	firstKGTests/PKG-paths-mitragynine-to-drug-to-AE.txt
NPDI	http://purl.obolibrary.org/obo/CHEBI_8707	http://purl.obolibrary.org/obo/HP_0002045	3	5	Cocaine	interacts with	CNR1	http://purl.obolibrary.org/obo/CHEBI_27958	http://purl.obolibrary.org/obo/RO_0002434	https://www.ncbi.nlm.nih.gov/gene/1268	firstKGTests/PKG-paths-mitragynine-to-drug-to-AE.txt
NPDI	http://purl.obolibrary.org/obo/CHEBI_8707	http://purl.obolibrary.org/obo/HP_0002045	3	6	CNR1	causes or contributes to condition	Hypothermia	https://www.ncbi.nlm.nih.gov/gene/1268	http://purl.obolibrary.org/obo/RO_0003302	http://purl.obolibrary.org/obo/HP_0002045	firstKGTests/PKG-paths-mitragynine-to-drug-to-AE.txt
NPDI	http://purl.obolibrary.org/obo/CHEBI_8707	http://purl.obolibrary.org/obo/HP_0002045	4	1	quetiapine	subClassOf	N-arylpiperazine	http://purl.obolibrary.org/obo/CHEBI_8707	http://www.w3.org/2000/01/rdf-schema#subClassOf	http://purl.obolibrary.org/obo/CHEBI_46848	firstKGTests/PKG-paths-mitragynine-to-drug-to-AE.txt
NPDI	http://purl.obolibrary.org/obo/CHEBI_8707	http://purl.obolibrary.org/obo/HP_0002045	4	2	N-arylpiperazine	subClassOf	piperazines	http://purl.obolibrary.org/obo/CHEBI_46848	http://www.w3.org/2000/01/rdf-schema#subClassOf	http://purl.obolibrary.org/obo/CHEBI_26144	firstKGTests/PKG-paths-mitragynine-to-drug-to-AE.txt
NPDI	http://purl.obolibrary.org/obo/CHEBI_8707	http://purl.obolibrary.org/obo/HP_0002045	4	3	piperazines	molecularly interacts with	positive regulation of T cell activation	http://purl.obolibrary.org/obo/CHEBI_26144	http://purl.obolibrary.org/obo/RO_0002436	http://purl.obolibrary.org/obo/GO_0050870	firstKGTests/PKG-paths-mitragynine-to-drug-to-AE.txt
NPDI	http://purl.obolibrary.org/obo/CHEBI_8707	http://purl.obolibrary.org/obo/HP_0002045	4	4	positive regulation of T cell activation	molecularly interacts with	Cocaine	http://purl.obolibrary.org/obo/GO_0050870	http://purl.obolibrary.org/obo/RO_0002436	http://purl.obolibrary.org/obo/CHEBI_27958	firstKGTests/PKG-paths-mitragynine-to-drug-to-AE.txt
NPDI	http://purl.obolibrary.org/obo/CHEBI_8707	http://purl.obolibrary.org/obo/HP_0002045	4	5	Cocaine	interacts with	CNR1	http://purl.obolibrary.org/obo/CHEBI_27958	http://purl.obolibrary.org/obo/RO_0002434	https://www.ncbi.nlm.nih.gov/gene/1268	firstKGTests/PKG-paths-mitragynine-to-drug-to-AE.txt
NPDI	http://purl.obolibrary.org/obo/CHEBI_8707	http://purl.obolibrary.org/obo/HP_0002045	4	6	CNR1	causes or contributes to condition	Hypothermia	https://www.ncbi.nlm.nih.gov/gene/1268	http://purl.obolibrary.org/obo/RO_0003302	http://purl.obolibrary.org/obo/HP_0002045	firstKGTests/PKG-paths-mitragynine-to-drug-to-AE.txt
NPDI	http://purl.obolibrary.org/obo/CHEBI_6956	http://purl.obolibrary.org/obo/CHEBI_6950	0	1	Mitragynine	molecularly interacts with	response to drug	http://purl.obolibrary.org/obo/CHEBI_6956	http://purl.obolibrary.org/obo/RO_0002436	http://purl.obolibrary.org/obo/GO_0042493	firstKGTests/PKG-paths-mitragynine-to-drug-to-AE.txt
NPDI	http://purl.obolibrary.org/obo/CHEBI_6956	http://purl.obolibrary.org/obo/CHEBI_6950	0	2	response to drug	molecularly interacts with	Mirtazapine	http://purl.obolibrary.org/obo/GO_0042493	http://purl.obolibrary.org/obo/RO_0002436	http://purl.obolibrary.org/obo/CHEBI_6950	firstKGTests/PKG-paths-mitragynine-to-drug-to-AE.txt
NPDI	http://purl.obolibrary.org/obo/CHEBI_6956	http://purl.obolibrary.org/obo/CHEBI_6950	1	1	Mitragynine	molecularly interacts with	刺激反应	http://purl.obolibrary.org/obo/CHEBI_6956	http://purl.obolibrary.org/obo/RO_0002436	http://purl.obolibrary.org/obo/GO_0050896	firstKGTests/PKG-paths-mitragynine-to-drug-to-AE.txt
NPDI	http://purl.obolibrary.org/obo/CHEBI_6956	http://purl.obolibrary.org/obo/CHEBI_6950	1	2	刺激反应	molecularly interacts with	Mirtazapine	http://purl.obolibrary.org/obo/GO_0050896	http://purl.obolibrary.org/obo/RO_0002436	http://purl.obolibrary.org/obo/CHEBI_6950	firstKGTests/PKG-paths-mitragynine-to-drug-to-AE.txt
NPDI	http://purl.obolibrary.org/obo/CHEBI_6956	http://purl.obolibrary.org/obo/CHEBI_6950	2	1	Mitragynine	molecularly interacts with	biological regulation	http://purl.obolibrary.org/obo/CHEBI_6956	http://purl.obolibrary.org/obo/RO_0002436	http://purl.obolibrary.org/obo/GO_0065007	firstKGTests/PKG-paths-mitragynine-to-drug-to-AE.txt
NPDI	http://purl.obolibrary.org/obo/CHEBI_6956	http://purl.obolibrary.org/obo/CHEBI_6950	2	2	biological regulation	molecularly interacts with	Mirtazapine	http://purl.obolibrary.org/obo/GO_0065007	http://purl.obolibrary.org/obo/RO_0002436	http://purl.obolibrary.org/obo/CHEBI_6950	firstKGTests/PKG-paths-mitragynine-to-drug-to-AE.txt
NPDI	http://purl.obolibrary.org/obo/CHEBI_6956	http://purl.obolibrary.org/obo/CHEBI_6950	3	1	Mitragynine	molecularly interacts with	regulation of ion transport	http://purl.obolibrary.org/obo/CHEBI_6956	http://purl.obolibrary.org/obo/RO_0002436	http://purl.obolibrary.org/obo/GO_0043269	firstKGTests/PKG-paths-mitragynine-to-drug-to-AE.txt
NPDI	http://purl.obolibrary.org/obo/CHEBI_6956	http://purl.obolibrary.org/obo/CHEBI_6950	3	2	regulation of ion transport	molecularly interacts with	Mirtazapine	http://purl.obolibrary.org/obo/GO_0043269	http://purl.obolibrary.org/obo/RO_0002436	http://purl.obolibrary.org/obo/CHEBI_6950	firstKGTests/PKG-paths-mitragynine-to-drug-to-AE.txt
NPDI	http://purl.obolibrary.org/obo/CHEBI_6956	http://purl.obolibrary.org/obo/CHEBI_6950	4	1	Mitragynine	molecularly interacts with	circulatory system process	http://purl.obolibrary.org/obo/CHEBI_6956	http://purl.obolibrary.org/obo/RO_0002436	http://purl.obolibrary.org/obo/GO_0003013	firstKGTests/PKG-paths-mitragynine-to-drug-to-AE.txt
NPDI	http://purl.obolibrary.org/obo/CHEBI_6956	http://purl.obolibrary.org/obo/CHEBI_6950	4	2	circulatory system process	molecularly interacts with	Mirtazapine	http://purl.obolibrary.org/obo/GO_0003013	http://purl.obolibrary.org/obo/RO_0002436	http://purl.obolibrary.org/obo/CHEBI_6950	firstKGTests/PKG-paths-mitragynine-to-drug-to-AE.txt
NPDI	http://purl.obolibrary.org/obo/CHEBI_6950	http://purl.obolibrary.org/obo/HP_0100598	0	1	Mirtazapine	molecularly interacts with	regulation of ion transport	http://purl.obolibrary.org/obo/CHEBI_6950	http://purl.obolibrary.org/obo/RO_0002436	http://purl.obolibrary.org/obo/GO_0043269	firstKGTests/PKG-paths-mitragynine-to-drug-to-AE.txt
NPDI	http://purl.obolibrary.org/obo/CHEBI_6950	http://purl.obolibrary.org/obo/HP_0100598	0	2	regulation of ion transport	molecularly interacts with	toluene	http://purl.obolibrary.org/obo/GO_0043269	http://purl.obolibrary.org/obo/RO_0002436	http://purl.obolibrary.org/obo/CHEBI_17578	firstKGTests/PKG-paths-mitragynine-to-drug-to-AE.txt
NPDI	http://purl.obolibrary.org/obo/CHEBI_6950	http://purl.obolibrary.org/obo/HP_0100598	0	3	toluene	interacts with	ADIPOQ	http://purl.obolibrary.org/obo/CHEBI_17578	http://purl.obolibrary.org/obo/RO_0002434	https://www.ncbi.nlm.nih.gov/gene/9370	firstKGTests/PKG-paths-mitragynine-to-drug-to-AE.txt
NPDI	http://purl.obolibrary.org/obo/CHEBI_6950	http://purl.obolibrary.org/obo/HP_0100598	0	4	ADIPOQ	causes or contributes to condition	Pulmonary edema	https://www.ncbi.nlm.nih.gov/gene/9370	http://purl.obolibrary.org/obo/RO_0003302	http://purl.obolibrary.org/obo/HP_0100598	firstKGTests/PKG-paths-mitragynine-to-drug-to-AE.txt
NPDI	http://purl.obolibrary.org/obo/CHEBI_6950	http://purl.obolibrary.org/obo/HP_0100598	1	1	Mirtazapine	molecularly interacts with	intrinsic component of synaptic membrane	http://purl.obolibrary.org/obo/CHEBI_6950	http://purl.obolibrary.org/obo/RO_0002436	http://purl.obolibrary.org/obo/GO_0099240	firstKGTests/PKG-paths-mitragynine-to-drug-to-AE.txt
NPDI	http://purl.obolibrary.org/obo/CHEBI_6950	http://purl.obolibrary.org/obo/HP_0100598	1	2	intrinsic component of synaptic membrane	molecularly interacts with	toluene	http://purl.obolibrary.org/obo/GO_0099240	http://purl.obolibrary.org/obo/RO_0002436	http://purl.obolibrary.org/obo/CHEBI_17578	firstKGTests/PKG-paths-mitragynine-to-drug-to-AE.txt
NPDI	http://purl.obolibrary.org/obo/CHEBI_6950	http://purl.obolibrary.org/obo/HP_0100598	1	3	toluene	interacts with	ADIPOQ	http://purl.obolibrary.org/obo/CHEBI_17578	http://purl.obolibrary.org/obo/RO_0002434	https://www.ncbi.nlm.nih.gov/gene/9370	firstKGTests/PKG-paths-mitragynine-to-drug-to-AE.txt
NPDI	http://purl.obolibrary.org/obo/CHEBI_6950	http://purl.obolibrary.org/obo/HP_0100598	1	4	ADIPOQ	causes or contributes to condition	Pulmonary edema	https://www.ncbi.nlm.nih.gov/gene/9370	http://purl.obolibrary.org/obo/RO_0003302	http://purl.obolibrary.org/obo/HP_0100598	firstKGTests/PKG-paths-mitragynine-to-drug-to-AE.txt
NPDI	http://purl.obolibrary.org/obo/CHEBI_6950	http://purl.obolibrary.org/obo/HP_0100598	2	1	Mirtazapine	molecularly interacts with	regulation of localization	http://purl.obolibrary.org/obo/CHEBI_6950	http://purl.obolibrary.org/obo/RO_0002436	http://purl.obolibrary.org/obo/GO_0032879	firstKGTests/PKG-paths-mitragynine-to-drug-to-AE.txt
NPDI	http://purl.obolibrary.org/obo/CHEBI_6950	http://purl.obolibrary.org/obo/HP_0100598	2	2	regulation of localization	molecularly interacts with	toluene	http://purl.obolibrary.org/obo/GO_0032879	http://purl.obolibrary.org/obo/RO_0002436	http://purl.obolibrary.org/obo/CHEBI_17578	firstKGTests/PKG-paths-mitragynine-to-drug-to-AE.txt
NPDI	http://purl.obolibrary.org/obo/CHEBI_6950	http://purl.obolibrary.org/obo/HP_0100598	2	3	toluene	interacts with	ADIPOQ	http://purl.obolibrary.org/obo/CHEBI_17578	http://purl.obolibrary.org/obo/RO_0002434	https://www.ncbi.nlm.nih.gov/gene/9370	firstKGTests/PKG-paths-mitragynine-to-drug-to-AE.txt
NPDI	http://purl.obolibrary.org/obo/CHEBI_6950	http://purl.obolibrary.org/obo/HP_0100598	2	4	ADIPOQ	causes or contributes to condition	Pulmonary edema	https://www.ncbi.nlm.nih.gov/gene/9370	http://purl.obolibrary.org/obo/RO_0003302	http://purl.obolibrary.org/obo/HP_0100598	firstKGTests/PKG-paths-mitragynine-to-drug-to-AE.txt
NPDI	http://purl.obolibrary.org/obo/CHEBI_6950	http://purl.obolibrary.org/obo/HP_0100598	3	1	Mirtazapine	molecularly interacts with	protein binding	http://purl.obolibrary.org/obo/CHEBI_6950	http://purl.obolibrary.org/obo/RO_0002436	http://purl.obolibrary.org/obo/GO_0005515	firstKGTests/PKG-paths-mitragynine-to-drug-to-AE.txt
NPDI	http://purl.obolibrary.org/obo/CHEBI_6950	http://purl.obolibrary.org/obo/HP_0100598	3	2	protein binding	molecularly interacts with	toluene	http://purl.obolibrary.org/obo/GO_0005515	http://purl.obolibrary.org/obo/RO_0002436	http://purl.obolibrary.org/obo/CHEBI_17578	firstKGTests/PKG-paths-mitragynine-to-drug-to-AE.txt
NPDI	http://purl.obolibrary.org/obo/CHEBI_6950	http://purl.obolibrary.org/obo/HP_0100598	3	3	toluene	interacts with	ADIPOQ	http://purl.obolibrary.org/obo/CHEBI_17578	http://purl.obolibrary.org/obo/RO_0002434	https://www.ncbi.nlm.nih.gov/gene/9370	firstKGTests/PKG-paths-mitragynine-to-drug-to-AE.txt
NPDI	http://purl.obolibrary.org/obo/CHEBI_6950	http://purl.obolibrary.org/obo/HP_0100598	3	4	ADIPOQ	causes or contributes to condition	Pulmonary edema	https://www.ncbi.nlm.nih.gov/gene/9370	http://purl.obolibrary.org/obo/RO_0003302	http://purl.obolibrary.org/obo/HP_0100598	firstKGTests/PKG-paths-mitragynine-to-drug-to-AE.txt
NPDI	http://purl.obolibrary.org/obo/CHEBI_6950	http://purl.obolibrary.org/obo/HP_0100598	4	1	Mirtazapine	molecularly interacts with	ammonium transport	http://purl.obolibrary.org/obo/CHEBI_6950	http://purl.obolibrary.org/obo/RO_0002436	http://purl.obolibrary.org/obo/GO_0015696	firstKGTests/PKG-paths-mitragynine-to-drug-to-AE.txt
NPDI	http://purl.obolibrary.org/obo/CHEBI_6950	http://purl.obolibrary.org/obo/HP_0100598	4	2	ammonium transport	molecularly interacts with	toluene	http://purl.obolibrary.org/obo/GO_0015696	http://purl.obolibrary.org/obo/RO_0002436	http://purl.obolibrary.org/obo/CHEBI_17578	firstKGTests/PKG-paths-mitragynine-to-drug-to-AE.txt
NPDI	http://purl.obolibrary.org/obo/CHEBI_6950	http://purl.obolibrary.org/obo/HP_0100598	4	3	toluene	interacts with	ADIPOQ	http://purl.obolibrary.org/obo/CHEBI_17578	http://purl.obolibrary.org/obo/RO_0002434	https://www.ncbi.nlm.nih.gov/gene/9370	firstKGTests/PKG-paths-mitragynine-to-drug-to-AE.txt
NPDI	http://purl.obolibrary.org/obo/CHEBI_6950	http://purl.obolibrary.org/obo/HP_0100598	4	4	ADIPOQ	causes or contributes to condition	Pulmonary edema	https://www.ncbi.nlm.nih.gov/gene/9370	http://purl.obolibrary.org/obo/RO_0003302	http://purl.obolibrary.org/obo/HP_0100598	firstKGTests/PKG-paths-mitragynine-to-drug-to-AE.txt
NPDI	http://purl.obolibrary.org/obo/CHEBI_6956	http://purl.obolibrary.org/obo/CHEBI_16236	0	1	Mitragynine	molecularly interacts with	long-chain fatty acid metabolic process	http://purl.obolibrary.org/obo/CHEBI_6956	http://purl.obolibrary.org/obo/RO_0002436	http://purl.obolibrary.org/obo/GO_0001676	firstKGTests/PKG-paths-mitragynine-to-drug-to-AE.txt
NPDI	http://purl.obolibrary.org/obo/CHEBI_6956	http://purl.obolibrary.org/obo/CHEBI_16236	0	2	long-chain fatty acid metabolic process	molecularly interacts with	Ethanol	http://purl.obolibrary.org/obo/GO_0001676	http://purl.obolibrary.org/obo/RO_0002436	http://purl.obolibrary.org/obo/CHEBI_16236	firstKGTests/PKG-paths-mitragynine-to-drug-to-AE.txt
NPDI	http://purl.obolibrary.org/obo/CHEBI_6956	http://purl.obolibrary.org/obo/CHEBI_16236	1	1	Mitragynine	molecularly interacts with	heme binding	http://purl.obolibrary.org/obo/CHEBI_6956	http://purl.obolibrary.org/obo/RO_0002436	http://purl.obolibrary.org/obo/GO_0020037	firstKGTests/PKG-paths-mitragynine-to-drug-to-AE.txt
NPDI	http://purl.obolibrary.org/obo/CHEBI_6956	http://purl.obolibrary.org/obo/CHEBI_16236	1	2	heme binding	molecularly interacts with	Ethanol	http://purl.obolibrary.org/obo/GO_0020037	http://purl.obolibrary.org/obo/RO_0002436	http://purl.obolibrary.org/obo/CHEBI_16236	firstKGTests/PKG-paths-mitragynine-to-drug-to-AE.txt
NPDI	http://purl.obolibrary.org/obo/CHEBI_6956	http://purl.obolibrary.org/obo/CHEBI_16236	2	1	Mitragynine	interacts with	<no label found>	http://purl.obolibrary.org/obo/CHEBI_6956	http://purl.obolibrary.org/obo/RO_0002434	https://uswest.ensembl.org/Homo_sapiens/Transcript/Summary?t=ENST00000415003	firstKGTests/PKG-paths-mitragynine-to-drug-to-AE.txt
NPDI	http://purl.obolibrary.org/obo/CHEBI_6956	http://purl.obolibrary.org/obo/CHEBI_16236	2	2	<no label found>	interacts with	Ethanol	https://uswest.ensembl.org/Homo_sapiens/Transcript/Summary?t=ENST00000415003	http://purl.obolibrary.org/obo/RO_0002434	http://purl.obolibrary.org/obo/CHEBI_16236	firstKGTests/PKG-paths-mitragynine-to-drug-to-AE.txt
NPDI	http://purl.obolibrary.org/obo/CHEBI_6956	http://purl.obolibrary.org/obo/CHEBI_16236	3	1	Mitragynine	molecularly interacts with	response to drug	http://purl.obolibrary.org/obo/CHEBI_6956	http://purl.obolibrary.org/obo/RO_0002436	http://purl.obolibrary.org/obo/GO_0042493	firstKGTests/PKG-paths-mitragynine-to-drug-to-AE.txt
NPDI	http://purl.obolibrary.org/obo/CHEBI_6956	http://purl.obolibrary.org/obo/CHEBI_16236	3	2	response to drug	molecularly interacts with	Ethanol	http://purl.obolibrary.org/obo/GO_0042493	http://purl.obolibrary.org/obo/RO_0002436	http://purl.obolibrary.org/obo/CHEBI_16236	firstKGTests/PKG-paths-mitragynine-to-drug-to-AE.txt
NPDI	http://purl.obolibrary.org/obo/CHEBI_6956	http://purl.obolibrary.org/obo/CHEBI_16236	4	1	Mitragynine	molecularly interacts with	刺激反应	http://purl.obolibrary.org/obo/CHEBI_6956	http://purl.obolibrary.org/obo/RO_0002436	http://purl.obolibrary.org/obo/GO_0050896	firstKGTests/PKG-paths-mitragynine-to-drug-to-AE.txt
NPDI	http://purl.obolibrary.org/obo/CHEBI_6956	http://purl.obolibrary.org/obo/CHEBI_16236	4	2	刺激反应	molecularly interacts with	Ethanol	http://purl.obolibrary.org/obo/GO_0050896	http://purl.obolibrary.org/obo/RO_0002436	http://purl.obolibrary.org/obo/CHEBI_16236	firstKGTests/PKG-paths-mitragynine-to-drug-to-AE.txt
NPDI	http://purl.obolibrary.org/obo/CHEBI_16236	http://purl.obolibrary.org/obo/HP_0100598	0	1	Ethanol	interacts with	adiponectin	http://purl.obolibrary.org/obo/CHEBI_16236	http://purl.obolibrary.org/obo/RO_0002434	http://purl.obolibrary.org/obo/PR_000003777	firstKGTests/PKG-paths-mitragynine-to-drug-to-AE.txt
NPDI	http://purl.obolibrary.org/obo/CHEBI_16236	http://purl.obolibrary.org/obo/HP_0100598	0	2	adiponectin	gene product of	ADIPOQ	http://purl.obolibrary.org/obo/PR_000003777	http://purl.obolibrary.org/obo/RO_0002204	https://www.ncbi.nlm.nih.gov/gene/9370	firstKGTests/PKG-paths-mitragynine-to-drug-to-AE.txt
NPDI	http://purl.obolibrary.org/obo/CHEBI_16236	http://purl.obolibrary.org/obo/HP_0100598	0	3	ADIPOQ	causes or contributes to condition	Pulmonary edema	https://www.ncbi.nlm.nih.gov/gene/9370	http://purl.obolibrary.org/obo/RO_0003302	http://purl.obolibrary.org/obo/HP_0100598	firstKGTests/PKG-paths-mitragynine-to-drug-to-AE.txt
NPDI	http://purl.obolibrary.org/obo/CHEBI_16236	http://purl.obolibrary.org/obo/HP_0100598	1	1	Ethanol	interacts with	adiponectin (human)	http://purl.obolibrary.org/obo/CHEBI_16236	http://purl.obolibrary.org/obo/RO_0002434	http://purl.obolibrary.org/obo/PR_Q15848	firstKGTests/PKG-paths-mitragynine-to-drug-to-AE.txt
NPDI	http://purl.obolibrary.org/obo/CHEBI_16236	http://purl.obolibrary.org/obo/HP_0100598	1	2	adiponectin (human)	gene product of	ADIPOQ	http://purl.obolibrary.org/obo/PR_Q15848	http://purl.obolibrary.org/obo/RO_0002204	https://www.ncbi.nlm.nih.gov/gene/9370	firstKGTests/PKG-paths-mitragynine-to-drug-to-AE.txt
NPDI	http://purl.obolibrary.org/obo/CHEBI_16236	http://purl.obolibrary.org/obo/HP_0100598	1	3	ADIPOQ	causes or contributes to condition	Pulmonary edema	https://www.ncbi.nlm.nih.gov/gene/9370	http://purl.obolibrary.org/obo/RO_0003302	http://purl.obolibrary.org/obo/HP_0100598	firstKGTests/PKG-paths-mitragynine-to-drug-to-AE.txt
NPDI	http://purl.obolibrary.org/obo/CHEBI_16236	http://purl.obolibrary.org/obo/HP_0100598	2	1	Ethanol	interacts with	ADH1B	http://purl.obolibrary.org/obo/CHEBI_16236	http://purl.obolibrary.org/obo/RO_0002434	https://www.ncbi.nlm.nih.gov/gene/125	firstKGTests/PKG-paths-mitragynine-to-drug-to-AE.txt
NPDI	http://purl.obolibrary.org/obo/CHEBI_16236	http://purl.obolibrary.org/obo/HP_0100598	2	2	ADH1B	genetically interacts with	ADIPOQ	https://www.ncbi.nlm.nih.gov/gene/125	http://purl.obolibrary.org/obo/RO_0002435	https://www.ncbi.nlm.nih.gov/gene/9370	firstKGTests/PKG-paths-mitragynine-to-drug-to-AE.txt
NPDI	http://purl.obolibrary.org/obo/CHEBI_16236	http://purl.obolibrary.org/obo/HP_0100598	2	3	ADIPOQ	causes or contributes to condition	Pulmonary edema	https://www.ncbi.nlm.nih.gov/gene/9370	http://purl.obolibrary.org/obo/RO_0003302	http://purl.obolibrary.org/obo/HP_0100598	firstKGTests/PKG-paths-mitragynine-to-drug-to-AE.txt
NPDI	http://purl.obolibrary.org/obo/CHEBI_16236	http://purl.obolibrary.org/obo/HP_0100598	3	1	Ethanol	interacts with	OPRM1	http://purl.obolibrary.org/obo/CHEBI_16236	http://purl.obolibrary.org/obo/RO_0002434	https://www.ncbi.nlm.nih.gov/gene/4988	firstKGTests/PKG-paths-mitragynine-to-drug-to-AE.txt
NPDI	http://purl.obolibrary.org/obo/CHEBI_16236	http://purl.obolibrary.org/obo/HP_0100598	3	2	OPRM1	genetically interacts with	ADIPOQ	https://www.ncbi.nlm.nih.gov/gene/4988	http://purl.obolibrary.org/obo/RO_0002435	https://www.ncbi.nlm.nih.gov/gene/9370	firstKGTests/PKG-paths-mitragynine-to-drug-to-AE.txt
NPDI	http://purl.obolibrary.org/obo/CHEBI_16236	http://purl.obolibrary.org/obo/HP_0100598	3	3	ADIPOQ	causes or contributes to condition	Pulmonary edema	https://www.ncbi.nlm.nih.gov/gene/9370	http://purl.obolibrary.org/obo/RO_0003302	http://purl.obolibrary.org/obo/HP_0100598	firstKGTests/PKG-paths-mitragynine-to-drug-to-AE.txt
NPDI	http://purl.obolibrary.org/obo/CHEBI_16236	http://purl.obolibrary.org/obo/HP_0100598	4	1	Ethanol	participates in	Metabolism	http://purl.obolibrary.org/obo/CHEBI_16236	http://purl.obolibrary.org/obo/RO_0000056	https://reactome.org/content/detail/R-HSA-1430728	firstKGTests/PKG-paths-mitragynine-to-drug-to-AE.txt
NPDI	http://purl.obolibrary.org/obo/CHEBI_16236	http://purl.obolibrary.org/obo/HP_0100598	4	2	Metabolism	has participant	ADIPOQ	https://reactome.org/content/detail/R-HSA-1430728	http://purl.obolibrary.org/obo/RO_0000057	https://www.ncbi.nlm.nih.gov/gene/9370	firstKGTests/PKG-paths-mitragynine-to-drug-to-AE.txt
NPDI	http://purl.obolibrary.org/obo/CHEBI_16236	http://purl.obolibrary.org/obo/HP_0100598	4	3	ADIPOQ	causes or contributes to condition	Pulmonary edema	https://www.ncbi.nlm.nih.gov/gene/9370	http://purl.obolibrary.org/obo/RO_0003302	http://purl.obolibrary.org/obo/HP_0100598	firstKGTests/PKG-paths-mitragynine-to-drug-to-AE.txt
NPDI	http://purl.obolibrary.org/obo/CHEBI_6956	http://purl.obolibrary.org/obo/CHEBI_16236	0	1	Mitragynine	molecularly interacts with	long-chain fatty acid metabolic process	http://purl.obolibrary.org/obo/CHEBI_6956	http://purl.obolibrary.org/obo/RO_0002436	http://purl.obolibrary.org/obo/GO_0001676	firstKGTests/PKG-paths-mitragynine-to-drug-to-AE.txt
NPDI	http://purl.obolibrary.org/obo/CHEBI_6956	http://purl.obolibrary.org/obo/CHEBI_16236	0	2	long-chain fatty acid metabolic process	molecularly interacts with	Ethanol	http://purl.obolibrary.org/obo/GO_0001676	http://purl.obolibrary.org/obo/RO_0002436	http://purl.obolibrary.org/obo/CHEBI_16236	firstKGTests/PKG-paths-mitragynine-to-drug-to-AE.txt
NPDI	http://purl.obolibrary.org/obo/CHEBI_6956	http://purl.obolibrary.org/obo/CHEBI_16236	1	1	Mitragynine	molecularly interacts with	heme binding	http://purl.obolibrary.org/obo/CHEBI_6956	http://purl.obolibrary.org/obo/RO_0002436	http://purl.obolibrary.org/obo/GO_0020037	firstKGTests/PKG-paths-mitragynine-to-drug-to-AE.txt
NPDI	http://purl.obolibrary.org/obo/CHEBI_6956	http://purl.obolibrary.org/obo/CHEBI_16236	1	2	heme binding	molecularly interacts with	Ethanol	http://purl.obolibrary.org/obo/GO_0020037	http://purl.obolibrary.org/obo/RO_0002436	http://purl.obolibrary.org/obo/CHEBI_16236	firstKGTests/PKG-paths-mitragynine-to-drug-to-AE.txt
NPDI	http://purl.obolibrary.org/obo/CHEBI_6956	http://purl.obolibrary.org/obo/CHEBI_16236	2	1	Mitragynine	interacts with	<no label found>	http://purl.obolibrary.org/obo/CHEBI_6956	http://purl.obolibrary.org/obo/RO_0002434	https://uswest.ensembl.org/Homo_sapiens/Transcript/Summary?t=ENST00000415003	firstKGTests/PKG-paths-mitragynine-to-drug-to-AE.txt
NPDI	http://purl.obolibrary.org/obo/CHEBI_6956	http://purl.obolibrary.org/obo/CHEBI_16236	2	2	<no label found>	interacts with	Ethanol	https://uswest.ensembl.org/Homo_sapiens/Transcript/Summary?t=ENST00000415003	http://purl.obolibrary.org/obo/RO_0002434	http://purl.obolibrary.org/obo/CHEBI_16236	firstKGTests/PKG-paths-mitragynine-to-drug-to-AE.txt
NPDI	http://purl.obolibrary.org/obo/CHEBI_6956	http://purl.obolibrary.org/obo/CHEBI_16236	3	1	Mitragynine	molecularly interacts with	response to drug	http://purl.obolibrary.org/obo/CHEBI_6956	http://purl.obolibrary.org/obo/RO_0002436	http://purl.obolibrary.org/obo/GO_0042493	firstKGTests/PKG-paths-mitragynine-to-drug-to-AE.txt
NPDI	http://purl.obolibrary.org/obo/CHEBI_6956	http://purl.obolibrary.org/obo/CHEBI_16236	3	2	response to drug	molecularly interacts with	Ethanol	http://purl.obolibrary.org/obo/GO_0042493	http://purl.obolibrary.org/obo/RO_0002436	http://purl.obolibrary.org/obo/CHEBI_16236	firstKGTests/PKG-paths-mitragynine-to-drug-to-AE.txt
NPDI	http://purl.obolibrary.org/obo/CHEBI_6956	http://purl.obolibrary.org/obo/CHEBI_16236	4	1	Mitragynine	molecularly interacts with	刺激反应	http://purl.obolibrary.org/obo/CHEBI_6956	http://purl.obolibrary.org/obo/RO_0002436	http://purl.obolibrary.org/obo/GO_0050896	firstKGTests/PKG-paths-mitragynine-to-drug-to-AE.txt
NPDI	http://purl.obolibrary.org/obo/CHEBI_6956	http://purl.obolibrary.org/obo/CHEBI_16236	4	2	刺激反应	molecularly interacts with	Ethanol	http://purl.obolibrary.org/obo/GO_0050896	http://purl.obolibrary.org/obo/RO_0002436	http://purl.obolibrary.org/obo/CHEBI_16236	firstKGTests/PKG-paths-mitragynine-to-drug-to-AE.txt
NPDI	http://purl.obolibrary.org/obo/CHEBI_16236	http://purl.obolibrary.org/obo/HP_0000016	0	1	Ethanol	interacts with	CTNNB1	http://purl.obolibrary.org/obo/CHEBI_16236	http://purl.obolibrary.org/obo/RO_0002434	https://www.ncbi.nlm.nih.gov/gene/1499	firstKGTests/PKG-paths-mitragynine-to-drug-to-AE.txt
NPDI	http://purl.obolibrary.org/obo/CHEBI_16236	http://purl.obolibrary.org/obo/HP_0000016	0	2	CTNNB1	genetically interacts with	EDN1	https://www.ncbi.nlm.nih.gov/gene/1499	http://purl.obolibrary.org/obo/RO_0002435	https://www.ncbi.nlm.nih.gov/gene/1906	firstKGTests/PKG-paths-mitragynine-to-drug-to-AE.txt
NPDI	http://purl.obolibrary.org/obo/CHEBI_16236	http://purl.obolibrary.org/obo/HP_0000016	0	3	EDN1	causes or contributes to condition	Urinary retention	https://www.ncbi.nlm.nih.gov/gene/1906	http://purl.obolibrary.org/obo/RO_0003302	http://purl.obolibrary.org/obo/HP_0000016	firstKGTests/PKG-paths-mitragynine-to-drug-to-AE.txt
NPDI	http://purl.obolibrary.org/obo/CHEBI_6956	http://purl.obolibrary.org/obo/CHEBI_4636	0	1	Mitragynine	molecularly interacts with	response to drug	http://purl.obolibrary.org/obo/CHEBI_6956	http://purl.obolibrary.org/obo/RO_0002436	http://purl.obolibrary.org/obo/GO_0042493	firstKGTests/PKG-paths-mitragynine-to-drug-to-AE.txt
NPDI	http://purl.obolibrary.org/obo/CHEBI_6956	http://purl.obolibrary.org/obo/CHEBI_4636	0	2	response to drug	molecularly interacts with	diphenhydramine	http://purl.obolibrary.org/obo/GO_0042493	http://purl.obolibrary.org/obo/RO_0002436	http://purl.obolibrary.org/obo/CHEBI_4636	firstKGTests/PKG-paths-mitragynine-to-drug-to-AE.txt
NPDI	http://purl.obolibrary.org/obo/CHEBI_6956	http://purl.obolibrary.org/obo/CHEBI_4636	1	1	Mitragynine	molecularly interacts with	刺激反应	http://purl.obolibrary.org/obo/CHEBI_6956	http://purl.obolibrary.org/obo/RO_0002436	http://purl.obolibrary.org/obo/GO_0050896	firstKGTests/PKG-paths-mitragynine-to-drug-to-AE.txt
NPDI	http://purl.obolibrary.org/obo/CHEBI_6956	http://purl.obolibrary.org/obo/CHEBI_4636	1	2	刺激反应	molecularly interacts with	diphenhydramine	http://purl.obolibrary.org/obo/GO_0050896	http://purl.obolibrary.org/obo/RO_0002436	http://purl.obolibrary.org/obo/CHEBI_4636	firstKGTests/PKG-paths-mitragynine-to-drug-to-AE.txt
NPDI	http://purl.obolibrary.org/obo/CHEBI_6956	http://purl.obolibrary.org/obo/CHEBI_4636	2	1	Mitragynine	molecularly interacts with	biological regulation	http://purl.obolibrary.org/obo/CHEBI_6956	http://purl.obolibrary.org/obo/RO_0002436	http://purl.obolibrary.org/obo/GO_0065007	firstKGTests/PKG-paths-mitragynine-to-drug-to-AE.txt
NPDI	http://purl.obolibrary.org/obo/CHEBI_6956	http://purl.obolibrary.org/obo/CHEBI_4636	2	2	biological regulation	molecularly interacts with	diphenhydramine	http://purl.obolibrary.org/obo/GO_0065007	http://purl.obolibrary.org/obo/RO_0002436	http://purl.obolibrary.org/obo/CHEBI_4636	firstKGTests/PKG-paths-mitragynine-to-drug-to-AE.txt
NPDI	http://purl.obolibrary.org/obo/CHEBI_6956	http://purl.obolibrary.org/obo/CHEBI_4636	3	1	Mitragynine	molecularly interacts with	response to chemical	http://purl.obolibrary.org/obo/CHEBI_6956	http://purl.obolibrary.org/obo/RO_0002436	http://purl.obolibrary.org/obo/GO_0042221	firstKGTests/PKG-paths-mitragynine-to-drug-to-AE.txt
NPDI	http://purl.obolibrary.org/obo/CHEBI_6956	http://purl.obolibrary.org/obo/CHEBI_4636	3	2	response to chemical	molecularly interacts with	diphenhydramine	http://purl.obolibrary.org/obo/GO_0042221	http://purl.obolibrary.org/obo/RO_0002436	http://purl.obolibrary.org/obo/CHEBI_4636	firstKGTests/PKG-paths-mitragynine-to-drug-to-AE.txt
NPDI	http://purl.obolibrary.org/obo/CHEBI_6956	http://purl.obolibrary.org/obo/CHEBI_4636	4	1	Mitragynine	molecularly interacts with	cell part	http://purl.obolibrary.org/obo/CHEBI_6956	http://purl.obolibrary.org/obo/RO_0002436	http://purl.obolibrary.org/obo/GO_0044464	firstKGTests/PKG-paths-mitragynine-to-drug-to-AE.txt
NPDI	http://purl.obolibrary.org/obo/CHEBI_6956	http://purl.obolibrary.org/obo/CHEBI_4636	4	2	cell part	molecularly interacts with	diphenhydramine	http://purl.obolibrary.org/obo/GO_0044464	http://purl.obolibrary.org/obo/RO_0002436	http://purl.obolibrary.org/obo/CHEBI_4636	firstKGTests/PKG-paths-mitragynine-to-drug-to-AE.txt
NPDI	http://purl.obolibrary.org/obo/CHEBI_4636	http://purl.obolibrary.org/obo/HP_0000016	0	1	diphenhydramine	molecularly interacts with	positive regulation of biological process	http://purl.obolibrary.org/obo/CHEBI_4636	http://purl.obolibrary.org/obo/RO_0002436	http://purl.obolibrary.org/obo/GO_0048518	firstKGTests/PKG-paths-mitragynine-to-drug-to-AE.txt
NPDI	http://purl.obolibrary.org/obo/CHEBI_4636	http://purl.obolibrary.org/obo/HP_0000016	0	2	positive regulation of biological process	molecularly interacts with	aflatoxin B1	http://purl.obolibrary.org/obo/GO_0048518	http://purl.obolibrary.org/obo/RO_0002436	http://purl.obolibrary.org/obo/CHEBI_2504	firstKGTests/PKG-paths-mitragynine-to-drug-to-AE.txt
NPDI	http://purl.obolibrary.org/obo/CHEBI_4636	http://purl.obolibrary.org/obo/HP_0000016	0	3	aflatoxin B1	interacts with	EDN1	http://purl.obolibrary.org/obo/CHEBI_2504	http://purl.obolibrary.org/obo/RO_0002434	https://www.ncbi.nlm.nih.gov/gene/1906	firstKGTests/PKG-paths-mitragynine-to-drug-to-AE.txt
NPDI	http://purl.obolibrary.org/obo/CHEBI_4636	http://purl.obolibrary.org/obo/HP_0000016	0	4	EDN1	causes or contributes to condition	Urinary retention	https://www.ncbi.nlm.nih.gov/gene/1906	http://purl.obolibrary.org/obo/RO_0003302	http://purl.obolibrary.org/obo/HP_0000016	firstKGTests/PKG-paths-mitragynine-to-drug-to-AE.txt
NPDI	http://purl.obolibrary.org/obo/CHEBI_4636	http://purl.obolibrary.org/obo/HP_0000016	1	1	diphenhydramine	molecularly interacts with	lymphocyte mediated immunity	http://purl.obolibrary.org/obo/CHEBI_4636	http://purl.obolibrary.org/obo/RO_0002436	http://purl.obolibrary.org/obo/GO_0002449	firstKGTests/PKG-paths-mitragynine-to-drug-to-AE.txt
NPDI	http://purl.obolibrary.org/obo/CHEBI_4636	http://purl.obolibrary.org/obo/HP_0000016	1	2	lymphocyte mediated immunity	molecularly interacts with	aflatoxin B1	http://purl.obolibrary.org/obo/GO_0002449	http://purl.obolibrary.org/obo/RO_0002436	http://purl.obolibrary.org/obo/CHEBI_2504	firstKGTests/PKG-paths-mitragynine-to-drug-to-AE.txt
NPDI	http://purl.obolibrary.org/obo/CHEBI_4636	http://purl.obolibrary.org/obo/HP_0000016	1	3	aflatoxin B1	interacts with	EDN1	http://purl.obolibrary.org/obo/CHEBI_2504	http://purl.obolibrary.org/obo/RO_0002434	https://www.ncbi.nlm.nih.gov/gene/1906	firstKGTests/PKG-paths-mitragynine-to-drug-to-AE.txt
NPDI	http://purl.obolibrary.org/obo/CHEBI_4636	http://purl.obolibrary.org/obo/HP_0000016	1	4	EDN1	causes or contributes to condition	Urinary retention	https://www.ncbi.nlm.nih.gov/gene/1906	http://purl.obolibrary.org/obo/RO_0003302	http://purl.obolibrary.org/obo/HP_0000016	firstKGTests/PKG-paths-mitragynine-to-drug-to-AE.txt
NPDI	http://purl.obolibrary.org/obo/CHEBI_4636	http://purl.obolibrary.org/obo/HP_0000016	2	1	diphenhydramine	molecularly interacts with	protein activation cascade	http://purl.obolibrary.org/obo/CHEBI_4636	http://purl.obolibrary.org/obo/RO_0002436	http://purl.obolibrary.org/obo/GO_0072376	firstKGTests/PKG-paths-mitragynine-to-drug-to-AE.txt
NPDI	http://purl.obolibrary.org/obo/CHEBI_4636	http://purl.obolibrary.org/obo/HP_0000016	2	2	protein activation cascade	molecularly interacts with	aflatoxin B1	http://purl.obolibrary.org/obo/GO_0072376	http://purl.obolibrary.org/obo/RO_0002436	http://purl.obolibrary.org/obo/CHEBI_2504	firstKGTests/PKG-paths-mitragynine-to-drug-to-AE.txt
NPDI	http://purl.obolibrary.org/obo/CHEBI_4636	http://purl.obolibrary.org/obo/HP_0000016	2	3	aflatoxin B1	interacts with	EDN1	http://purl.obolibrary.org/obo/CHEBI_2504	http://purl.obolibrary.org/obo/RO_0002434	https://www.ncbi.nlm.nih.gov/gene/1906	firstKGTests/PKG-paths-mitragynine-to-drug-to-AE.txt
NPDI	http://purl.obolibrary.org/obo/CHEBI_4636	http://purl.obolibrary.org/obo/HP_0000016	2	4	EDN1	causes or contributes to condition	Urinary retention	https://www.ncbi.nlm.nih.gov/gene/1906	http://purl.obolibrary.org/obo/RO_0003302	http://purl.obolibrary.org/obo/HP_0000016	firstKGTests/PKG-paths-mitragynine-to-drug-to-AE.txt
NPDI	http://purl.obolibrary.org/obo/CHEBI_4636	http://purl.obolibrary.org/obo/HP_0000016	3	1	diphenhydramine	molecularly interacts with	response to chemical	http://purl.obolibrary.org/obo/CHEBI_4636	http://purl.obolibrary.org/obo/RO_0002436	http://purl.obolibrary.org/obo/GO_0042221	firstKGTests/PKG-paths-mitragynine-to-drug-to-AE.txt
NPDI	http://purl.obolibrary.org/obo/CHEBI_4636	http://purl.obolibrary.org/obo/HP_0000016	3	2	response to chemical	molecularly interacts with	aflatoxin B1	http://purl.obolibrary.org/obo/GO_0042221	http://purl.obolibrary.org/obo/RO_0002436	http://purl.obolibrary.org/obo/CHEBI_2504	firstKGTests/PKG-paths-mitragynine-to-drug-to-AE.txt
NPDI	http://purl.obolibrary.org/obo/CHEBI_4636	http://purl.obolibrary.org/obo/HP_0000016	3	3	aflatoxin B1	interacts with	EDN1	http://purl.obolibrary.org/obo/CHEBI_2504	http://purl.obolibrary.org/obo/RO_0002434	https://www.ncbi.nlm.nih.gov/gene/1906	firstKGTests/PKG-paths-mitragynine-to-drug-to-AE.txt
NPDI	http://purl.obolibrary.org/obo/CHEBI_4636	http://purl.obolibrary.org/obo/HP_0000016	3	4	EDN1	causes or contributes to condition	Urinary retention	https://www.ncbi.nlm.nih.gov/gene/1906	http://purl.obolibrary.org/obo/RO_0003302	http://purl.obolibrary.org/obo/HP_0000016	firstKGTests/PKG-paths-mitragynine-to-drug-to-AE.txt
NPDI	http://purl.obolibrary.org/obo/CHEBI_4636	http://purl.obolibrary.org/obo/HP_0000016	4	1	diphenhydramine	interacts with	<no label found>	http://purl.obolibrary.org/obo/CHEBI_4636	http://purl.obolibrary.org/obo/RO_0002434	https://uswest.ensembl.org/Homo_sapiens/Transcript/Summary?t=ENST00000307407	firstKGTests/PKG-paths-mitragynine-to-drug-to-AE.txt
NPDI	http://purl.obolibrary.org/obo/CHEBI_4636	http://purl.obolibrary.org/obo/HP_0000016	4	2	<no label found>	interacts with	aflatoxin B1	https://uswest.ensembl.org/Homo_sapiens/Transcript/Summary?t=ENST00000307407	http://purl.obolibrary.org/obo/RO_0002434	http://purl.obolibrary.org/obo/CHEBI_2504	firstKGTests/PKG-paths-mitragynine-to-drug-to-AE.txt
NPDI	http://purl.obolibrary.org/obo/CHEBI_4636	http://purl.obolibrary.org/obo/HP_0000016	4	3	aflatoxin B1	interacts with	EDN1	http://purl.obolibrary.org/obo/CHEBI_2504	http://purl.obolibrary.org/obo/RO_0002434	https://www.ncbi.nlm.nih.gov/gene/1906	firstKGTests/PKG-paths-mitragynine-to-drug-to-AE.txt
NPDI	http://purl.obolibrary.org/obo/CHEBI_4636	http://purl.obolibrary.org/obo/HP_0000016	4	4	EDN1	causes or contributes to condition	Urinary retention	https://www.ncbi.nlm.nih.gov/gene/1906	http://purl.obolibrary.org/obo/RO_0003302	http://purl.obolibrary.org/obo/HP_0000016	firstKGTests/PKG-paths-mitragynine-to-drug-to-AE.txt
NPDI	http://purl.obolibrary.org/obo/CHEBI_6956	http://purl.obolibrary.org/obo/CHEBI_4636	0	1	Mitragynine	molecularly interacts with	response to drug	http://purl.obolibrary.org/obo/CHEBI_6956	http://purl.obolibrary.org/obo/RO_0002436	http://purl.obolibrary.org/obo/GO_0042493	firstKGTests/PKG-paths-mitragynine-to-drug-to-AE.txt
NPDI	http://purl.obolibrary.org/obo/CHEBI_6956	http://purl.obolibrary.org/obo/CHEBI_4636	0	2	response to drug	molecularly interacts with	diphenhydramine	http://purl.obolibrary.org/obo/GO_0042493	http://purl.obolibrary.org/obo/RO_0002436	http://purl.obolibrary.org/obo/CHEBI_4636	firstKGTests/PKG-paths-mitragynine-to-drug-to-AE.txt
NPDI	http://purl.obolibrary.org/obo/CHEBI_6956	http://purl.obolibrary.org/obo/CHEBI_4636	1	1	Mitragynine	molecularly interacts with	刺激反应	http://purl.obolibrary.org/obo/CHEBI_6956	http://purl.obolibrary.org/obo/RO_0002436	http://purl.obolibrary.org/obo/GO_0050896	firstKGTests/PKG-paths-mitragynine-to-drug-to-AE.txt
NPDI	http://purl.obolibrary.org/obo/CHEBI_6956	http://purl.obolibrary.org/obo/CHEBI_4636	1	2	刺激反应	molecularly interacts with	diphenhydramine	http://purl.obolibrary.org/obo/GO_0050896	http://purl.obolibrary.org/obo/RO_0002436	http://purl.obolibrary.org/obo/CHEBI_4636	firstKGTests/PKG-paths-mitragynine-to-drug-to-AE.txt
NPDI	http://purl.obolibrary.org/obo/CHEBI_6956	http://purl.obolibrary.org/obo/CHEBI_4636	2	1	Mitragynine	molecularly interacts with	biological regulation	http://purl.obolibrary.org/obo/CHEBI_6956	http://purl.obolibrary.org/obo/RO_0002436	http://purl.obolibrary.org/obo/GO_0065007	firstKGTests/PKG-paths-mitragynine-to-drug-to-AE.txt
NPDI	http://purl.obolibrary.org/obo/CHEBI_6956	http://purl.obolibrary.org/obo/CHEBI_4636	2	2	biological regulation	molecularly interacts with	diphenhydramine	http://purl.obolibrary.org/obo/GO_0065007	http://purl.obolibrary.org/obo/RO_0002436	http://purl.obolibrary.org/obo/CHEBI_4636	firstKGTests/PKG-paths-mitragynine-to-drug-to-AE.txt
NPDI	http://purl.obolibrary.org/obo/CHEBI_6956	http://purl.obolibrary.org/obo/CHEBI_4636	3	1	Mitragynine	molecularly interacts with	response to chemical	http://purl.obolibrary.org/obo/CHEBI_6956	http://purl.obolibrary.org/obo/RO_0002436	http://purl.obolibrary.org/obo/GO_0042221	firstKGTests/PKG-paths-mitragynine-to-drug-to-AE.txt
NPDI	http://purl.obolibrary.org/obo/CHEBI_6956	http://purl.obolibrary.org/obo/CHEBI_4636	3	2	response to chemical	molecularly interacts with	diphenhydramine	http://purl.obolibrary.org/obo/GO_0042221	http://purl.obolibrary.org/obo/RO_0002436	http://purl.obolibrary.org/obo/CHEBI_4636	firstKGTests/PKG-paths-mitragynine-to-drug-to-AE.txt
NPDI	http://purl.obolibrary.org/obo/CHEBI_6956	http://purl.obolibrary.org/obo/CHEBI_4636	4	1	Mitragynine	molecularly interacts with	cell part	http://purl.obolibrary.org/obo/CHEBI_6956	http://purl.obolibrary.org/obo/RO_0002436	http://purl.obolibrary.org/obo/GO_0044464	firstKGTests/PKG-paths-mitragynine-to-drug-to-AE.txt
NPDI	http://purl.obolibrary.org/obo/CHEBI_6956	http://purl.obolibrary.org/obo/CHEBI_4636	4	2	cell part	molecularly interacts with	diphenhydramine	http://purl.obolibrary.org/obo/GO_0044464	http://purl.obolibrary.org/obo/RO_0002436	http://purl.obolibrary.org/obo/CHEBI_4636	firstKGTests/PKG-paths-mitragynine-to-drug-to-AE.txt
