simvastatin	substrate_of	cyp3a4	EVIDENCE FOR	http://www.ncbi.nlm.nih.gov/pubmed/9542477	EV_PK_DDI_RCT	https://dbmi-icode-01.dbmi.pitt.edu/dikb-evidence/dikb-web/simvastatin_substrate_of_cyp3a4.html
simvastatin	substrate_of	cyp3a4	EVIDENCE FOR	http://www.ncbi.nlm.nih.gov/pubmed/9321523	EV_EX_Met_Enz_ID_Cyp450_Hum_Recom	https://dbmi-icode-01.dbmi.pitt.edu/dikb-evidence/dikb-web/simvastatin_substrate_of_cyp3a4.html
simvastatin	substrate_of	cyp3a4	EVIDENCE FOR	http://www.ncbi.nlm.nih.gov/pubmed/15518608	EV_PK_DDI_Par_Grps	https://dbmi-icode-01.dbmi.pitt.edu/dikb-evidence/dikb-web/simvastatin_substrate_of_cyp3a4.html
atorvastatin	substrate_of	cyp3a4	EVIDENCE FOR	http://www.ncbi.nlm.nih.gov/pubmed/11038166	EV_EX_Met_Enz_ID_Cyp450_Hum_Microsome_Chem	https://dbmi-icode-01.dbmi.pitt.edu/dikb-evidence/dikb-web/atorvastatin_substrate_of_cyp3a4.html
atorvastatin	substrate_of	cyp3a4	EVIDENCE FOR	http://www.ncbi.nlm.nih.gov/pubmed/11038166	EV_EX_Met_Enz_ID_Cyp450_Hum_Recom	https://dbmi-icode-01.dbmi.pitt.edu/dikb-evidence/dikb-web/atorvastatin_substrate_of_cyp3a4.html
atorvastatin	substrate_of	cyp3a4	EVIDENCE FOR	http://dbmi-icode-01.dbmi.pitt.edu/linkedSPLs/page/structuredProductLabelMetadata/8a201c80-a51d-4c1c-963b-488c071908c0	Non_traceable_Drug_Label_Statement	https://dbmi-icode-01.dbmi.pitt.edu/dikb-evidence/dikb-web/atorvastatin_substrate_of_cyp3a4.html
alprazolam	substrate_of	cyp3a4	EVIDENCE FOR	http://www.ncbi.nlm.nih.gov/pubmed/12124305	EV_EX_Met_Enz_ID_Cyp450_Hum_Recom	https://dbmi-icode-01.dbmi.pitt.edu/dikb-evidence/dikb-web/alprazolam_substrate_of_cyp3a4.html
alprazolam	substrate_of	cyp3a4	EVIDENCE FOR	http://dbmi-icode-01.dbmi.pitt.edu/linkedSPLs/page/structuredProductLabelMetadata/b5e516a0-d0f4-4613-ab56-b1bb440fcb78	Non_traceable_Drug_Label_Statement	https://dbmi-icode-01.dbmi.pitt.edu/dikb-evidence/dikb-web/alprazolam_substrate_of_cyp3a4.html
alprazolam	substrate_of	cyp3a4	EVIDENCE FOR	http://www.ncbi.nlm.nih.gov/pubmed/10548453	EV_EX_Met_Enz_ID_Cyp450_Hum_Microsome_Chem	https://dbmi-icode-01.dbmi.pitt.edu/dikb-evidence/dikb-web/alprazolam_substrate_of_cyp3a4.html
duloxetine	substrate_of	cyp2d6	EVIDENCE FOR	http://dbmi-icode-01.dbmi.pitt.edu/linkedSPLs/resource/structuredProductLabelMetadata/2f7d4d67-10c1-4bf4-a7f2-c185fbad64ba	Non_traceable_Drug_Label_Statement	https://dbmi-icode-01.dbmi.pitt.edu/dikb-evidence/dikb-web/duloxetine_substrate_of_cyp2d6.html
duloxetine	substrate_of	cyp2d6	EVIDENCE FOR	http://www.ncbi.nlm.nih.gov/pubmed/12621382	EV_PK_DDI_NR	https://dbmi-icode-01.dbmi.pitt.edu/dikb-evidence/dikb-web/duloxetine_substrate_of_cyp2d6.html
escitalopram	substrate_of	cyp2d6	EVIDENCE FOR	http://www.ncbi.nlm.nih.gov/pubmed/11454728	EV_EX_Met_Enz_ID_Cyp450_Hum_Microsome_Chem	https://dbmi-icode-01.dbmi.pitt.edu/dikb-evidence/dikb-web/escitalopram_substrate_of_cyp2d6.html
eszopiclone	substrate_of	cyp3a4	EVIDENCE FOR	http://dbmi-icode-01.dbmi.pitt.edu/linkedSPLs/page/structuredProductLabelMetadata/fd047b2b-05a6-4d99-95cb-955f14bf329f	Non_traceable_Drug_Label_Statement	https://dbmi-icode-01.dbmi.pitt.edu/dikb-evidence/dikb-web/eszopiclone_substrate_of_cyp3a4.html
eszopiclone	substrate_of	cyp3a4	EVIDENCE FOR	http://dbmi-icode-01.dbmi.pitt.edu/linkedSPLs/page/structuredProductLabelMetadata/fd047b2b-05a6-4d99-95cb-955f14bf329f	Non_traceable_Drug_Label_Statement	https://dbmi-icode-01.dbmi.pitt.edu/dikb-evidence/dikb-web/eszopiclone_substrate_of_cyp3a4.html
rabeprazole	substrate_of	cyp3a4	EVIDENCE FOR	http://dbmi-icode-01.dbmi.pitt.edu/linkedSPLs/resource/structuredProductLabelMetadata/5d103551-978f-472a-9c62-51e6e4dea068	Non_traceable_Drug_Label_Statement	https://dbmi-icode-01.dbmi.pitt.edu/dikb-evidence/dikb-web/rabeprazole_substrate_of_cyp3a4.html
rabeprazole	substrate_of	cyp3a4	EVIDENCE FOR	http://dbmi-icode-01.dbmi.pitt.edu/linkedSPLs/resource/structuredProductLabelMetadata/5d103551-978f-472a-9c62-51e6e4dea068	Non_traceable_Drug_Label_Statement	https://dbmi-icode-01.dbmi.pitt.edu/dikb-evidence/dikb-web/rabeprazole_substrate_of_cyp3a4.html
R-demethylcitalopram	substrate_of	cyp2d6	EVIDENCE FOR	http://www.ncbi.nlm.nih.gov/pubmed/11454728	EV_EX_Met_Enz_ID_Cyp450_Hum_Microsome_Chem	https://dbmi-icode-01.dbmi.pitt.edu/dikb-evidence/dikb-web/R-demethylcitalopram_substrate_of_cyp2d6.html
ergotamine	substrate_of	cyp3a4	EVIDENCE FOR	http://www.fda.gov/downloads/drugs/guidancecomplianceregulatoryinformation/guidances/ucm292362.pdf	Non_Tracable_Statement	https://dbmi-icode-01.dbmi.pitt.edu/dikb-evidence/dikb-web/ergotamine_substrate_of_cyp3a4.html
iloperidone	substrate_of	cyp2d6	EVIDENCE FOR	http://dbmi-icode-01.dbmi.pitt.edu/linkedSPLs/resource/structuredProductLabelMetadata/33f60b40-3fca-11de-8f56-0002a5d5c51b	Non_traceable_Drug_Label_Statement	https://dbmi-icode-01.dbmi.pitt.edu/dikb-evidence/dikb-web/iloperidone_substrate_of_cyp2d6.html
iloperidone	substrate_of	cyp2d6	EVIDENCE FOR	http://dbmi-icode-01.dbmi.pitt.edu/linkedSPLs/resource/structuredProductLabelMetadata/33f60b40-3fca-11de-8f56-0002a5d5c51b	Non_traceable_Drug_Label_Statement	https://dbmi-icode-01.dbmi.pitt.edu/dikb-evidence/dikb-web/iloperidone_substrate_of_cyp2d6.html
cinacalcet	substrate_of	cyp3a4	EVIDENCE FOR	http://dbmi-icode-01.dbmi.pitt.edu/linkedSPLs/resource/structuredProductLabelMetadata/45028573-13c4-4c8b-ae62-6c75bba97c81	Non_traceable_Drug_Label_Statement	https://dbmi-icode-01.dbmi.pitt.edu/dikb-evidence/dikb-web/cinacalcet_substrate_of_cyp3a4.html
cinacalcet	substrate_of	cyp3a4	EVIDENCE FOR	http://dbmi-icode-01.dbmi.pitt.edu/linkedSPLs/resource/structuredProductLabelMetadata/45028573-13c4-4c8b-ae62-6c75bba97c81	Non_traceable_Drug_Label_Statement	https://dbmi-icode-01.dbmi.pitt.edu/dikb-evidence/dikb-web/cinacalcet_substrate_of_cyp3a4.html
trazodone	substrate_of	cyp3a4	EVIDENCE FOR	http://dailymed.nlm.nih.gov/dailymed/archives/fdaDrugInfo.cfm?archiveid=4844	Non_traceable_Drug_Label_Statement	https://dbmi-icode-01.dbmi.pitt.edu/dikb-evidence/dikb-web/trazodone_substrate_of_cyp3a4.html
haloperidol	substrate_of	cyp3a4	EVIDENCE FOR	http://www.ncbi.nlm.nih.gov/pubmed/9431831	EV_EX_Met_Enz_ID_Cyp450_Hum_Microsome_Chem	https://dbmi-icode-01.dbmi.pitt.edu/dikb-evidence/dikb-web/haloperidol_substrate_of_cyp3a4.html
venlafaxine	substrate_of	cyp2d6	EVIDENCE FOR	http://dbmi-icode-01.dbmi.pitt.edu/linkedSPLs/resource/structuredProductLabelMetadata/cf2d9bee-f8e3-477a-e4b4-f0e82657b7d2	Non_traceable_Drug_Label_Statement	https://dbmi-icode-01.dbmi.pitt.edu/dikb-evidence/dikb-web/venlafaxine_substrate_of_cyp2d6.html
venlafaxine	substrate_of	cyp2d6	EVIDENCE FOR	http://www.ncbi.nlm.nih.gov/pubmed/10192828	EV_EX_Met_Enz_ID_Cyp450_Hum_Microsome_Chem	https://dbmi-icode-01.dbmi.pitt.edu/dikb-evidence/dikb-web/venlafaxine_substrate_of_cyp2d6.html
venlafaxine	substrate_of	cyp2d6	EVIDENCE FOR	http://www.ncbi.nlm.nih.gov/pubmed/10192828	EV_EX_Met_Enz_ID_Cyp450_Hum_Microsome_Chem	https://dbmi-icode-01.dbmi.pitt.edu/dikb-evidence/dikb-web/venlafaxine_substrate_of_cyp2d6.html
fluoxetine	substrate_of	cyp2d6	EVIDENCE FOR	http://dbmi-icode-01.dbmi.pitt.edu/linkedSPLs/resource/structuredProductLabelMetadata/5f356c1b-96bd-4ef1-960c-91cf4905e6b1	Non_traceable_Drug_Label_Statement	https://dbmi-icode-01.dbmi.pitt.edu/dikb-evidence/dikb-web/fluoxetine_substrate_of_cyp2d6.html
fluoxetine	substrate_of	cyp2d6	EVIDENCE FOR	http://www.ncbi.nlm.nih.gov/pubmed/8941024	EV_CT_PK_Phenotype	https://dbmi-icode-01.dbmi.pitt.edu/dikb-evidence/dikb-web/fluoxetine_substrate_of_cyp2d6.html
aripiprazole	substrate_of	cyp3a4	EVIDENCE FOR	http://dbmi-icode-01.dbmi.pitt.edu/linkedSPLs/resource/structuredProductLabelMetadata/c040bd1d-45b7-49f2-93ea-aed7220b30ac	Non_traceable_Drug_Label_Statement	https://dbmi-icode-01.dbmi.pitt.edu/dikb-evidence/dikb-web/aripiprazole_substrate_of_cyp3a4.html
aripiprazole	substrate_of	cyp3a4	EVIDENCE FOR	http://www.ncbi.nlm.nih.gov/pubmed/15770075	EV_PK_DDI_NR	https://dbmi-icode-01.dbmi.pitt.edu/dikb-evidence/dikb-web/aripiprazole_substrate_of_cyp3a4.html
zaleplon	substrate_of	cyp3a4	EVIDENCE FOR	http://dbmi-icode-01.dbmi.pitt.edu/linkedSPLs/resource/structuredProductLabelMetadata/71be4cb7-a42f-43be-9b9b-f090edb2fd21	Non_traceable_Drug_Label_Statement	https://dbmi-icode-01.dbmi.pitt.edu/dikb-evidence/dikb-web/zaleplon_substrate_of_cyp3a4.html
tamoxifen	substrate_of	cyp3a4	EVIDENCE FOR	http://dbmi-icode-01.dbmi.pitt.edu/linkedSPLs/resource/structuredProductLabelMetadata/407a372d-4448-4d53-afd4-eb0e74bbc336	Non_traceable_Drug_Label_Statement	https://dbmi-icode-01.dbmi.pitt.edu/dikb-evidence/dikb-web/tamoxifen_substrate_of_cyp3a4.html
mirtazapine	substrate_of	cyp3a4	EVIDENCE FOR	http://dbmi-icode-01.dbmi.pitt.edu/linkedSPLs/resource/structuredProductLabelMetadata/31f48378-27db-424f-a4c5-82584a553c35	Non_traceable_Drug_Label_Statement	https://dbmi-icode-01.dbmi.pitt.edu/dikb-evidence/dikb-web/mirtazapine_substrate_of_cyp3a4.html
mirtazapine	substrate_of	cyp3a4	EVIDENCE FOR	http://www.ncbi.nlm.nih.gov/pubmed/10997935	EV_EX_Met_Enz_ID_Cyp450_Hum_Microsome_Chem	https://dbmi-icode-01.dbmi.pitt.edu/dikb-evidence/dikb-web/mirtazapine_substrate_of_cyp3a4.html
diltiazem	substrate_of	cyp3a4	EVIDENCE FOR	http://www.ncbi.nlm.nih.gov/pubmed/12124305	EV_EX_Met_Enz_ID_Cyp450_Hum_Recom	https://dbmi-icode-01.dbmi.pitt.edu/dikb-evidence/dikb-web/diltiazem_substrate_of_cyp3a4.html
pimozide	substrate_of	cyp2d6	EVIDENCE FOR	http://www.fda.gov/downloads/drugs/guidancecomplianceregulatoryinformation/guidances/ucm292362.pdf	Non_Tracable_Statement	https://dbmi-icode-01.dbmi.pitt.edu/dikb-evidence/dikb-web/pimozide_substrate_of_cyp2d6.html
ranolazine	substrate_of	cyp2d6	EVIDENCE FOR	http://dailymed.nlm.nih.gov/dailymed/lookup.cfm?setid=10bd89e9-2d00-430c-8f55-81a37fed5fab	Non_traceable_Drug_Label_Statement	https://dbmi-icode-01.dbmi.pitt.edu/dikb-evidence/dikb-web/ranolazine_substrate_of_cyp2d6.html
perphenazine	substrate_of	cyp3a4	EVIDENCE FOR	http://www.ncbi.nlm.nih.gov/pubmed/11136295	EV_EX_Met_Enz_ID_Cyp450_Hum_Microsome_Chem	https://dbmi-icode-01.dbmi.pitt.edu/dikb-evidence/dikb-web/perphenazine_substrate_of_cyp3a4.html
perphenazine	substrate_of	cyp3a4	EVIDENCE FOR	http://www.ncbi.nlm.nih.gov/pubmed/11136295	EV_EX_Met_Enz_ID_Cyp450_Hum_Recom	https://dbmi-icode-01.dbmi.pitt.edu/dikb-evidence/dikb-web/perphenazine_substrate_of_cyp3a4.html
venlafaxine	substrate_of	cyp3a4	EVIDENCE FOR	http://www.ncbi.nlm.nih.gov/pubmed/10192828	EV_EX_Met_Enz_ID_Cyp450_Hum_Microsome_Chem	https://dbmi-icode-01.dbmi.pitt.edu/dikb-evidence/dikb-web/venlafaxine_substrate_of_cyp3a4.html
R-citalopram	substrate_of	cyp2d6	EVIDENCE FOR	http://www.ncbi.nlm.nih.gov/pubmed/11454728	EV_EX_Met_Enz_ID_Cyp450_Hum_Microsome_Chem	https://dbmi-icode-01.dbmi.pitt.edu/dikb-evidence/dikb-web/R-citalopram_substrate_of_cyp2d6.html
tacrolimus	substrate_of	cyp3a4	EVIDENCE FOR	http://www.fda.gov/downloads/drugs/guidancecomplianceregulatoryinformation/guidances/ucm292362.pdf	Non_Tracable_Statement	https://dbmi-icode-01.dbmi.pitt.edu/dikb-evidence/dikb-web/tacrolimus_substrate_of_cyp3a4.html
modafinil	substrate_of	cyp3a4	EVIDENCE FOR	http://dbmi-icode-01.dbmi.pitt.edu/linkedSPLs/resource/structuredProductLabelMetadata/e16c26ad-7bc2-d155-3a5d-da83ad6492c8.pdf	Non_traceable_Drug_Label_Statement	https://dbmi-icode-01.dbmi.pitt.edu/dikb-evidence/dikb-web/modafinil_substrate_of_cyp3a4.html
fentanyl	substrate_of	cyp3a4	EVIDENCE FOR	http://www.fda.gov/downloads/drugs/guidancecomplianceregulatoryinformation/guidances/ucm292362.pdf	Non_Tracable_Statement	https://dbmi-icode-01.dbmi.pitt.edu/dikb-evidence/dikb-web/fentanyl_substrate_of_cyp3a4.html
demethylcitalopram	substrate_of	cyp3a4	EVIDENCE AGAINST	http://www.ncbi.nlm.nih.gov/pubmed/11454728	EV_EX_Met_Enz_ID_Cyp450_Hum_Recom	https://dbmi-icode-01.dbmi.pitt.edu/dikb-evidence/dikb-web/demethylcitalopram_substrate_of_cyp3a4.html
asenapine	substrate_of	cyp2d6	EVIDENCE AGAINST	http://dbmi-icode-01.dbmi.pitt.edu/linkedSPLs/resource/structuredProductLabelMetadata/17209c32-56eb-4f84-954d-aed7b7a1b18d	Non_traceable_Drug_Label_Statement	https://dbmi-icode-01.dbmi.pitt.edu/dikb-evidence/dikb-web/asenapine_substrate_of_cyp2d6.html
alfentanil	substrate_of	cyp3a4	EVIDENCE FOR	http://www.fda.gov/downloads/drugs/guidancecomplianceregulatoryinformation/guidances/ucm292362.pdf	Non_Tracable_Statement	https://dbmi-icode-01.dbmi.pitt.edu/dikb-evidence/dikb-web/alfentanil_substrate_of_cyp3a4.html
reduced-haloperidol	substrate_of	cyp3a4	EVIDENCE FOR	http://www.ncbi.nlm.nih.gov/pubmed/9825830	EV_EX_Met_Enz_ID_Cyp450_Hum_Microsome_Chem	https://dbmi-icode-01.dbmi.pitt.edu/dikb-evidence/dikb-web/reduced-haloperidol_substrate_of_cyp3a4.html
reduced-haloperidol	substrate_of	cyp3a4	EVIDENCE FOR	http://www.ncbi.nlm.nih.gov/pubmed/9825830	EV_EX_Met_Enz_ID_Cyp450_Hum_Microsome_Chem	https://dbmi-icode-01.dbmi.pitt.edu/dikb-evidence/dikb-web/reduced-haloperidol_substrate_of_cyp3a4.html
beta-hydroxy-simvastatin	substrate_of	cyp3a4	EVIDENCE FOR	http://www.ncbi.nlm.nih.gov/pubmed/15518608	EV_PK_DDI_Par_Grps	https://dbmi-icode-01.dbmi.pitt.edu/dikb-evidence/dikb-web/beta-hydroxy-simvastatin_substrate_of_cyp3a4.html
beta-hydroxy-simvastatin	substrate_of	cyp3a4	EVIDENCE FOR	http://www.ncbi.nlm.nih.gov/pubmed/9542477	EV_PK_DDI_RCT	https://dbmi-icode-01.dbmi.pitt.edu/dikb-evidence/dikb-web/beta-hydroxy-simvastatin_substrate_of_cyp3a4.html
rosuvastatin	substrate_of	cyp3a4	EVIDENCE AGAINST	http://dailymed.nlm.nih.gov/dailymed/drugInfo.cfm?id=3249	Non_traceable_Drug_Label_Statement	https://dbmi-icode-01.dbmi.pitt.edu/dikb-evidence/dikb-web/rosuvastatin_substrate_of_cyp3a4.html
zolpidem	substrate_of	cyp3a4	EVIDENCE FOR	http://dbmi-icode-01.dbmi.pitt.edu/linkedSPLs/resource/structuredProductLabelMetadata/de965605-268a-4479-86f7-84de949cf36f	Non_traceable_Drug_Label_Statement	https://dbmi-icode-01.dbmi.pitt.edu/dikb-evidence/dikb-web/zolpidem_substrate_of_cyp3a4.html
zolpidem	substrate_of	cyp3a4	EVIDENCE FOR	http://dbmi-icode-01.dbmi.pitt.edu/linkedSPLs/resource/structuredProductLabelMetadata/de965605-268a-4479-86f7-84de949cf36f	Non_traceable_Drug_Label_Statement	https://dbmi-icode-01.dbmi.pitt.edu/dikb-evidence/dikb-web/zolpidem_substrate_of_cyp3a4.html
fluvastatin	substrate_of	cyp3a4	EVIDENCE FOR	http://dailymed.nlm.nih.gov/dailymed/drugInfo.cfm?id=3237	Non_traceable_Drug_Label_Statement	https://dbmi-icode-01.dbmi.pitt.edu/dikb-evidence/dikb-web/fluvastatin_substrate_of_cyp3a4.html
quetiapine	substrate_of	cyp3a4	EVIDENCE FOR	http://dbmi-icode-01.dbmi.pitt.edu/linkedSPLs/resource/structuredProductLabelMetadata/473a3ac4-67f4-4782-baa9-7f9bdd8761f4	Non_traceable_Drug_Label_Statement	https://dbmi-icode-01.dbmi.pitt.edu/dikb-evidence/dikb-web/quetiapine_substrate_of_cyp3a4.html
quetiapine	substrate_of	cyp3a4	EVIDENCE FOR	http://www.ncbi.nlm.nih.gov/pubmed/15834460	EV_PK_DDI_NR	https://dbmi-icode-01.dbmi.pitt.edu/dikb-evidence/dikb-web/quetiapine_substrate_of_cyp3a4.html
quetiapine	substrate_of	cyp3a4	EVIDENCE FOR	http://www.ncbi.nlm.nih.gov/pubmed/16390352	EV_PK_DDI_NR	https://dbmi-icode-01.dbmi.pitt.edu/dikb-evidence/dikb-web/quetiapine_substrate_of_cyp3a4.html
desvenlafaxine	substrate_of	cyp2d6	EVIDENCE AGAINST	http://www.ncbi.nlm.nih.gov/pubmed/19142106	EV_CT_PK_Genotype	https://dbmi-icode-01.dbmi.pitt.edu/dikb-evidence/dikb-web/desvenlafaxine_substrate_of_cyp2d6.html
paroxetine	substrate_of	cyp2d6	EVIDENCE FOR	http://dbmi-icode-01.dbmi.pitt.edu/linkedSPLs/resource/structuredProductLabelMetadata/08320ea3-8f93-6f04-5d1c-f69af3eb5a81	Non_traceable_Drug_Label_Statement	https://dbmi-icode-01.dbmi.pitt.edu/dikb-evidence/dikb-web/paroxetine_substrate_of_cyp2d6.html
cinacalcet	substrate_of	cyp2d6	EVIDENCE FOR	http://dbmi-icode-01.dbmi.pitt.edu/linkedSPLs/resource/structuredProductLabelMetadata/45028573-13c4-4c8b-ae62-6c75bba97c81	Non_traceable_Drug_Label_Statement	https://dbmi-icode-01.dbmi.pitt.edu/dikb-evidence/dikb-web/cinacalcet_substrate_of_cyp2d6.html
ziprasidone	substrate_of	cyp2d6	EVIDENCE AGAINST	http://www.ncbi.nlm.nih.gov/pubmed/10771452	EV_EX_Met_Enz_ID_Cyp450_Hum_Recom	https://dbmi-icode-01.dbmi.pitt.edu/dikb-evidence/dikb-web/ziprasidone_substrate_of_cyp2d6.html
desacetyldiltiazem	substrate_of	cyp2d6	EVIDENCE FOR	http://www.ncbi.nlm.nih.gov/pubmed/12235455	EV_CT_PK_Genotype	https://dbmi-icode-01.dbmi.pitt.edu/dikb-evidence/dikb-web/desacetyldiltiazem_substrate_of_cyp2d6.html
sirolimus	substrate_of	cyp3a4	EVIDENCE FOR	http://www.fda.gov/downloads/drugs/guidancecomplianceregulatoryinformation/guidances/ucm292362.pdf	Non_Tracable_Statement	https://dbmi-icode-01.dbmi.pitt.edu/dikb-evidence/dikb-web/sirolimus_substrate_of_cyp3a4.html
N-desalkylquetiapine	substrate_of	cyp3a4	EVIDENCE FOR	http://dbmi-icode-01.dbmi.pitt.edu/linkedSPLs/resource/structuredProductLabelMetadata/473a3ac4-67f4-4782-baa9-7f9bdd8761f4	Non_traceable_Drug_Label_Statement	https://dbmi-icode-01.dbmi.pitt.edu/dikb-evidence/dikb-web/N-desalkylquetiapine_substrate_of_cyp3a4.html
lovastatin	substrate_of	cyp3a4	EVIDENCE FOR	http://dbmi-icode-01.dbmi.pitt.edu/linkedSPLs/page/structuredProductLabelMetadata/d3620ebe-87e1-4a93-96cc-ff20ddbb30b2	Non_traceable_Drug_Label_Statement	https://dbmi-icode-01.dbmi.pitt.edu/dikb-evidence/dikb-web/lovastatin_substrate_of_cyp3a4.html
lovastatin	substrate_of	cyp3a4	EVIDENCE FOR	http://www.ncbi.nlm.nih.gov/pubmed/8689812	EV_PK_DDI_RCT	https://dbmi-icode-01.dbmi.pitt.edu/dikb-evidence/dikb-web/lovastatin_substrate_of_cyp3a4.html
clozapine-N-oxide	substrate_of	cyp2d6	EVIDENCE AGAINST	http://www.ncbi.nlm.nih.gov/pubmed/11147928	EV_PK_DDI_NR	https://dbmi-icode-01.dbmi.pitt.edu/dikb-evidence/dikb-web/clozapine-N-oxide_substrate_of_cyp2d6.html
clozapine	substrate_of	cyp2d6	EVIDENCE FOR	http://dbmi-icode-01.dbmi.pitt.edu/linkedSPLs/resource/structuredProductLabelMetadata/883b5d43-0339-7dc1-f775-93791fb9b978	Non_traceable_Drug_Label_Statement	https://dbmi-icode-01.dbmi.pitt.edu/dikb-evidence/dikb-web/clozapine_substrate_of_cyp2d6.html
clozapine	substrate_of	cyp2d6	EVIDENCE FOR	http://www.ncbi.nlm.nih.gov/pubmed/11147928	EV_PK_DDI_NR	https://dbmi-icode-01.dbmi.pitt.edu/dikb-evidence/dikb-web/clozapine_substrate_of_cyp2d6.html
dehydro-aripiprazole	substrate_of	cyp3a4	EVIDENCE FOR	http://dbmi-icode-01.dbmi.pitt.edu/linkedSPLs/resource/structuredProductLabelMetadata/c040bd1d-45b7-49f2-93ea-aed7220b30ac	Non_traceable_Drug_Label_Statement	https://dbmi-icode-01.dbmi.pitt.edu/dikb-evidence/dikb-web/dehydro-aripiprazole_substrate_of_cyp3a4.html
dehydro-aripiprazole	substrate_of	cyp3a4	EVIDENCE FOR	http://www.ncbi.nlm.nih.gov/pubmed/15770075	EV_PK_DDI_NR	https://dbmi-icode-01.dbmi.pitt.edu/dikb-evidence/dikb-web/dehydro-aripiprazole_substrate_of_cyp3a4.html
S-demethylcitalopram	substrate_of	cyp2d6	EVIDENCE FOR	http://www.ncbi.nlm.nih.gov/pubmed/11454728	EV_EX_Met_Enz_ID_Cyp450_Hum_Microsome_Chem	https://dbmi-icode-01.dbmi.pitt.edu/dikb-evidence/dikb-web/S-demethylcitalopram_substrate_of_cyp2d6.html
iloperidone	substrate_of	cyp3a4	EVIDENCE FOR	http://dbmi-icode-01.dbmi.pitt.edu/linkedSPLs/resource/structuredProductLabelMetadata/33f60b40-3fca-11de-8f56-0002a5d5c51b	Non_traceable_Drug_Label_Statement	https://dbmi-icode-01.dbmi.pitt.edu/dikb-evidence/dikb-web/iloperidone_substrate_of_cyp3a4.html
risperidone	substrate_of	cyp3a4	EVIDENCE FOR	http://www.ncbi.nlm.nih.gov/pubmed/10048600	EV_EX_Met_Enz_ID_Cyp450_Hum_Microsome_Chem	https://dbmi-icode-01.dbmi.pitt.edu/dikb-evidence/dikb-web/risperidone_substrate_of_cyp3a4.html
perphenazine	substrate_of	cyp2d6	EVIDENCE FOR	http://www.ncbi.nlm.nih.gov/pubmed/11136295	EV_EX_Met_Enz_ID_Cyp450_Hum_Microsome_Chem	https://dbmi-icode-01.dbmi.pitt.edu/dikb-evidence/dikb-web/perphenazine_substrate_of_cyp2d6.html
perphenazine	substrate_of	cyp2d6	EVIDENCE FOR	http://www.ncbi.nlm.nih.gov/pubmed/11136295	EV_EX_Met_Enz_ID_Cyp450_Hum_Recom	https://dbmi-icode-01.dbmi.pitt.edu/dikb-evidence/dikb-web/perphenazine_substrate_of_cyp2d6.html
perphenazine	substrate_of	cyp2d6	EVIDENCE FOR	http://www.ncbi.nlm.nih.gov/pubmed/9333110	EV_PK_DDI_RCT	https://dbmi-icode-01.dbmi.pitt.edu/dikb-evidence/dikb-web/perphenazine_substrate_of_cyp2d6.html
perphenazine	substrate_of	cyp2d6	EVIDENCE FOR	http://www.ncbi.nlm.nih.gov/pubmed/17429316	EV_CT_PK_Genotype	https://dbmi-icode-01.dbmi.pitt.edu/dikb-evidence/dikb-web/perphenazine_substrate_of_cyp2d6.html
perphenazine	substrate_of	cyp2d6	EVIDENCE FOR	http://www.ncbi.nlm.nih.gov/pubmed/8689810	EV_CT_PK_Genotype	https://dbmi-icode-01.dbmi.pitt.edu/dikb-evidence/dikb-web/perphenazine_substrate_of_cyp2d6.html
tamoxifen	substrate_of	cyp2d6	EVIDENCE FOR	http://dbmi-icode-01.dbmi.pitt.edu/linkedSPLs/resource/structuredProductLabelMetadata/407a372d-4448-4d53-afd4-eb0e74bbc336	Non_traceable_Drug_Label_Statement	https://dbmi-icode-01.dbmi.pitt.edu/dikb-evidence/dikb-web/tamoxifen_substrate_of_cyp2d6.html
N-demethyldesacetyl-diltiazem	substrate_of	cyp2d6	EVIDENCE FOR	http://www.ncbi.nlm.nih.gov/pubmed/12235455	EV_CT_PK_Genotype	https://dbmi-icode-01.dbmi.pitt.edu/dikb-evidence/dikb-web/N-demethyldesacetyl-diltiazem_substrate_of_cyp2d6.html
atorvastatin	substrate_of	cyp2d6	EVIDENCE AGAINST	http://www.ncbi.nlm.nih.gov/pubmed/11038166	EV_EX_Met_Enz_ID_Cyp450_Hum_Recom	https://dbmi-icode-01.dbmi.pitt.edu/dikb-evidence/dikb-web/atorvastatin_substrate_of_cyp2d6.html
zaleplon	substrate_of	cyp2d6	EVIDENCE AGAINST	http://dbmi-icode-01.dbmi.pitt.edu/linkedSPLs/resource/structuredProductLabelMetadata/71be4cb7-a42f-43be-9b9b-f090edb2fd21	Non_traceable_Drug_Label_Statement	https://dbmi-icode-01.dbmi.pitt.edu/dikb-evidence/dikb-web/zaleplon_substrate_of_cyp2d6.html
nefazodone	substrate_of	cyp3a4	EVIDENCE FOR	http://www.ncbi.nlm.nih.gov/pubmed/11872324	EV_EX_Met_Enz_ID_Cyp450_Hum_Microsome_Chem	https://dbmi-icode-01.dbmi.pitt.edu/dikb-evidence/dikb-web/nefazodone_substrate_of_cyp3a4.html
olanzapine	substrate_of	cyp2d6	EVIDENCE FOR	http://dbmi-icode-01.dbmi.pitt.edu/linkedSPLs/page/structuredProductLabelMetadata/d5051fbc-846b-4946-82df-341fb1216341	Non_traceable_Drug_Label_Statement	https://dbmi-icode-01.dbmi.pitt.edu/dikb-evidence/dikb-web/olanzapine_substrate_of_cyp2d6.html
citalopram	substrate_of	cyp3a4	EVIDENCE FOR	http://www.ncbi.nlm.nih.gov/pubmed/10494454	EV_EX_Met_Enz_ID_Cyp450_Hum_Microsome_Chem	https://dbmi-icode-01.dbmi.pitt.edu/dikb-evidence/dikb-web/citalopram_substrate_of_cyp3a4.html
citalopram	substrate_of	cyp3a4	EVIDENCE AGAINST	http://dbmi-icode-01.dbmi.pitt.edu/linkedSPLs/resource/structuredProductLabelMetadata/62f9e5da-6215-4d6d-8601-ea01ec2655ab	Non_traceable_Drug_Label_Statement	https://dbmi-icode-01.dbmi.pitt.edu/dikb-evidence/dikb-web/citalopram_substrate_of_cyp3a4.html
clozapine	substrate_of	cyp3a4	EVIDENCE FOR	http://dbmi-icode-01.dbmi.pitt.edu/linkedSPLs/resource/structuredProductLabelMetadata/883b5d43-0339-7dc1-f775-93791fb9b978	Non_traceable_Drug_Label_Statement	https://dbmi-icode-01.dbmi.pitt.edu/dikb-evidence/dikb-web/clozapine_substrate_of_cyp3a4.html
clozapine	substrate_of	cyp3a4	EVIDENCE FOR	http://www.ncbi.nlm.nih.gov/pubmed/9384460	EV_EX_Met_Enz_ID_Cyp450_Hum_Recom_Chem	https://dbmi-icode-01.dbmi.pitt.edu/dikb-evidence/dikb-web/clozapine_substrate_of_cyp3a4.html
mirtazapine	substrate_of	cyp2d6	EVIDENCE FOR	http://dbmi-icode-01.dbmi.pitt.edu/linkedSPLs/resource/structuredProductLabelMetadata/31f48378-27db-424f-a4c5-82584a553c35	Non_traceable_Drug_Label_Statement	https://dbmi-icode-01.dbmi.pitt.edu/dikb-evidence/dikb-web/mirtazapine_substrate_of_cyp2d6.html
mirtazapine	substrate_of	cyp2d6	EVIDENCE FOR	http://www.ncbi.nlm.nih.gov/pubmed/10997935	EV_EX_Met_Enz_ID_Cyp450_Hum_Microsome_Chem	https://dbmi-icode-01.dbmi.pitt.edu/dikb-evidence/dikb-web/mirtazapine_substrate_of_cyp2d6.html
pimozide	substrate_of	cyp3a4	EVIDENCE FOR	http://www.fda.gov/downloads/drugs/guidancecomplianceregulatoryinformation/guidances/ucm292362.pdf	Non_Tracable_Statement	https://dbmi-icode-01.dbmi.pitt.edu/dikb-evidence/dikb-web/pimozide_substrate_of_cyp3a4.html
nefazodone	substrate_of	cyp2d6	EVIDENCE AGAINST	http://www.ncbi.nlm.nih.gov/pubmed/11872324	EV_EX_Met_Enz_ID_Cyp450_Hum_Recom	https://dbmi-icode-01.dbmi.pitt.edu/dikb-evidence/dikb-web/nefazodone_substrate_of_cyp2d6.html
nefazodone	substrate_of	cyp2d6	EVIDENCE AGAINST	http://www.ncbi.nlm.nih.gov/pubmed/11872324	EV_EX_Met_Enz_ID_Cyp450_Hum_Microsome_Chem	https://dbmi-icode-01.dbmi.pitt.edu/dikb-evidence/dikb-web/nefazodone_substrate_of_cyp2d6.html
risperidone	substrate_of	cyp2d6	EVIDENCE FOR	http://www.ncbi.nlm.nih.gov/pubmed/7690693	EV_CT_PK_Phenotype	https://dbmi-icode-01.dbmi.pitt.edu/dikb-evidence/dikb-web/risperidone_substrate_of_cyp2d6.html
risperidone	substrate_of	cyp2d6	EVIDENCE FOR	http://www.ncbi.nlm.nih.gov/pubmed/10048600	EV_EX_Met_Enz_ID_Cyp450_Hum_Microsome_Chem	https://dbmi-icode-01.dbmi.pitt.edu/dikb-evidence/dikb-web/risperidone_substrate_of_cyp2d6.html
voriconazole	substrate_of	cyp3a4	EVIDENCE FOR	http://dbmi-icode-01.dbmi.pitt.edu/linkedSPLs/resource/structuredProductLabelMetadata/ce3ef5cf-3087-4d92-9d94-9eb8287228db	Non_traceable_Drug_Label_Statement	https://dbmi-icode-01.dbmi.pitt.edu/dikb-evidence/dikb-web/voriconazole_substrate_of_cyp3a4.html
cyclosporine	substrate_of	cyp3a4	EVIDENCE FOR	http://www.fda.gov/downloads/drugs/guidancecomplianceregulatoryinformation/guidances/ucm292362.pdf	Non_Tracable_Statement	https://dbmi-icode-01.dbmi.pitt.edu/dikb-evidence/dikb-web/cyclosporine_substrate_of_cyp3a4.html
pantoprazole	substrate_of	cyp3a4	EVIDENCE FOR	http://dbmi-icode-01.dbmi.pitt.edu/linkedSPLs/resource/structuredProductLabelMetadata/742ca9f4-9fba-44d4-29a8-1fe3a04f1af6	Non_traceable_Drug_Label_Statement	https://dbmi-icode-01.dbmi.pitt.edu/dikb-evidence/dikb-web/pantoprazole_substrate_of_cyp3a4.html
beta-hydroxy-lovastatin	substrate_of	cyp3a4	EVIDENCE FOR	http://www.ncbi.nlm.nih.gov/pubmed/9929499	EV_EX_Met_Enz_ID_Cyp450_Hum_Microsome_Chem	https://dbmi-icode-01.dbmi.pitt.edu/dikb-evidence/dikb-web/beta-hydroxy-lovastatin_substrate_of_cyp3a4.html
beta-hydroxy-lovastatin	substrate_of	cyp3a4	EVIDENCE FOR	http://www.ncbi.nlm.nih.gov/pubmed/8689812	EV_PK_DDI_RCT	https://dbmi-icode-01.dbmi.pitt.edu/dikb-evidence/dikb-web/beta-hydroxy-lovastatin_substrate_of_cyp3a4.html
R-citalopram	substrate_of	cyp3a4	EVIDENCE FOR	http://www.ncbi.nlm.nih.gov/pubmed/11454728	EV_EX_Met_Enz_ID_Cyp450_Hum_Microsome_Chem	https://dbmi-icode-01.dbmi.pitt.edu/dikb-evidence/dikb-web/R-citalopram_substrate_of_cyp3a4.html
clarithromycin	substrate_of	cyp3a4	EVIDENCE FOR	http://www.ncbi.nlm.nih.gov/pubmed/9152603	EV_EX_Met_Enz_ID_Cyp450_Hum_Microsome_Chem	https://dbmi-icode-01.dbmi.pitt.edu/dikb-evidence/dikb-web/clarithromycin_substrate_of_cyp3a4.html
clarithromycin	substrate_of	cyp3a4	EVIDENCE FOR	http://www.ncbi.nlm.nih.gov/pubmed/12124305	EV_EX_Met_Enz_ID_Cyp450_Hum_Recom	https://dbmi-icode-01.dbmi.pitt.edu/dikb-evidence/dikb-web/clarithromycin_substrate_of_cyp3a4.html
aripiprazole	substrate_of	cyp2d6	EVIDENCE FOR	http://dbmi-icode-01.dbmi.pitt.edu/linkedSPLs/resource/structuredProductLabelMetadata/c040bd1d-45b7-49f2-93ea-aed7220b30ac	Non_traceable_Drug_Label_Statement	https://dbmi-icode-01.dbmi.pitt.edu/dikb-evidence/dikb-web/aripiprazole_substrate_of_cyp2d6.html
dihydroergotamine	substrate_of	cyp3a4	EVIDENCE FOR	http://www.fda.gov/downloads/drugs/guidancecomplianceregulatoryinformation/guidances/ucm292362.pdf	Non_Tracable_Statement	https://dbmi-icode-01.dbmi.pitt.edu/dikb-evidence/dikb-web/dihydroergotamine_substrate_of_cyp3a4.html
escitalopram	substrate_of	cyp3a4	EVIDENCE FOR	http://www.ncbi.nlm.nih.gov/pubmed/11454728	EV_EX_Met_Enz_ID_Cyp450_Hum_Microsome_Chem	https://dbmi-icode-01.dbmi.pitt.edu/dikb-evidence/dikb-web/escitalopram_substrate_of_cyp3a4.html
fluvoxamine	substrate_of	cyp2d6	EVIDENCE FOR	http://dbmi-icode-01.dbmi.pitt.edu/linkedSPLs/resource/structuredProductLabelMetadata/53664f8d-3a93-9f2b-daee-380707e4062c	Non_traceable_Drug_Label_Statement	https://dbmi-icode-01.dbmi.pitt.edu/dikb-evidence/dikb-web/fluvoxamine_substrate_of_cyp2d6.html
fluvoxamine	substrate_of	cyp2d6	EVIDENCE FOR	http://www.ncbi.nlm.nih.gov/pubmed/8823236	EV_CT_PK_Phenotype	https://dbmi-icode-01.dbmi.pitt.edu/dikb-evidence/dikb-web/fluvoxamine_substrate_of_cyp2d6.html
quinidine	substrate_of	cyp3a4	EVIDENCE FOR	http://www.fda.gov/downloads/drugs/guidancecomplianceregulatoryinformation/guidances/ucm292362.pdf	Non_Tracable_Statement	https://dbmi-icode-01.dbmi.pitt.edu/dikb-evidence/dikb-web/quinidine_substrate_of_cyp3a4.html
lansoprazole	substrate_of	cyp3a4	EVIDENCE FOR	http://dbmi-icode-01.dbmi.pitt.edu/linkedSPLs/resource/structuredProductLabelMetadata/71ba78cb-7e46-43eb-9425-fa130f537f84	Non_traceable_Drug_Label_Statement	https://dbmi-icode-01.dbmi.pitt.edu/dikb-evidence/dikb-web/lansoprazole_substrate_of_cyp3a4.html
clarithromycin	substrate_of	cyp2d6	EVIDENCE AGAINST	http://www.ncbi.nlm.nih.gov/pubmed/9152603	EV_EX_Met_Enz_ID_Cyp450_Hum_Microsome_Chem	https://dbmi-icode-01.dbmi.pitt.edu/dikb-evidence/dikb-web/clarithromycin_substrate_of_cyp2d6.html
ziprasidone	substrate_of	cyp3a4	EVIDENCE FOR	http://dbmi-icode-01.dbmi.pitt.edu/linkedSPLs/resource/structuredProductLabelMetadata/8326928a-2cb6-4f7f-9712-03a425a14c37	Non_traceable_Drug_Label_Statement	https://dbmi-icode-01.dbmi.pitt.edu/dikb-evidence/dikb-web/ziprasidone_substrate_of_cyp3a4.html
ziprasidone	substrate_of	cyp3a4	EVIDENCE FOR	http://www.ncbi.nlm.nih.gov/pubmed/10771452	EV_EX_Met_Enz_ID_Cyp450_Hum_Recom	https://dbmi-icode-01.dbmi.pitt.edu/dikb-evidence/dikb-web/ziprasidone_substrate_of_cyp3a4.html
ziprasidone	substrate_of	cyp3a4	EVIDENCE FOR	http://www.ncbi.nlm.nih.gov/pubmed/10771452	EV_EX_Met_Enz_ID_Cyp450_Hum_Microsome_Chem	https://dbmi-icode-01.dbmi.pitt.edu/dikb-evidence/dikb-web/ziprasidone_substrate_of_cyp3a4.html
ziprasidone	substrate_of	cyp3a4	EVIDENCE FOR	http://www.ncbi.nlm.nih.gov/pubmed/10771458	EV_PK_DDI_RCT	https://dbmi-icode-01.dbmi.pitt.edu/dikb-evidence/dikb-web/ziprasidone_substrate_of_cyp3a4.html
thioridazine	substrate_of	cyp2d6	EVIDENCE FOR	http://dbmi-icode-01.dbmi.pitt.edu/linkedSPLs/resource/structuredProductLabelMetadata/56b3f4c2-52af-4947-b225-6808ae9f26f5	Non_traceable_Drug_Label_Statement	https://dbmi-icode-01.dbmi.pitt.edu/dikb-evidence/dikb-web/thioridazine_substrate_of_cyp2d6.html
thioridazine	substrate_of	cyp2d6	EVIDENCE FOR	http://www.fda.gov/downloads/drugs/guidancecomplianceregulatoryinformation/guidances/ucm292362.pdf	Non_Tracable_Statement	https://dbmi-icode-01.dbmi.pitt.edu/dikb-evidence/dikb-web/thioridazine_substrate_of_cyp2d6.html
