fluvastatin,zileuton,CYP3A4,PKI-1,fourth-tier
fluvastatin,zafirlukast,CYP3A4,PKI-1,fourth-tier
fluvastatin,zafirlukast,CYP2C9,PKI-1,fourth-tier
fluvastatin,voriconazole-n-oxide,CYP3A4,PKI-1,fourth-tier
fluvastatin,voriconazole-n-oxide,CYP2C9,PKI-1,fourth-tier
fluvastatin,voriconazole,CYP3A4,PKI-1,fourth-tier
fluvastatin,voriconazole,CYP2C9,PKI-1,fourth-tier
fluvastatin,verapamil,CYP3A4,PKI-1,fourth-tier
fluvastatin,tigecycline,CYP2C9,PKI-1,fourth-tier
fluvastatin,teriflunomide,CYP2C9,PKI-1,fourth-tier
fluvastatin,telithromycin,CYP3A4,PKI-1,fourth-tier
fluvastatin,telaprevir,CYP3A4,PKI-1,fourth-tier
fluvastatin,sulfinpyrazone,CYP2C9,PKI-1,fourth-tier
fluvastatin,ritonavir,CYP3A4,PKI-1,fourth-tier
atorvastatin,rifampin,OATP1B3,PKI-1,fourth-tier
rosuvastatin,rifampin,OATP1B3,PKI-1,fourth-tier
atorvastatin,rifampin,OATP1B1,PKI-1,fourth-tier
fluvastatin,rifampin,OATP1B1,PKI-1,fourth-tier
pravastatin,rifampin,OATP1B1,PKI-1,fourth-tier
rosuvastatin,rifampin,OATP1B1,PKI-1,fourth-tier
fluvastatin,ranolazine,CYP3A4,PKI-1,fourth-tier
fluvastatin,ranitidine,CYP3A4,PKI-1,fourth-tier
fluvastatin,quinidine,CYP3A4,PKI-1,fourth-tier
fluvastatin,posaconazole,CYP3A4,PKI-1,fourth-tier
fluvastatin,pazopanib,CYP3A4,PKI-1,fourth-tier
fluvastatin,oxandrolone,CYP2C9,PKI-1,fourth-tier
fluvastatin,nilotinib,CYP3A4,PKI-1,fourth-tier
fluvastatin,nelfinavir,CYP3A4,PKI-1,fourth-tier
fluvastatin,nefazodone,CYP3A4,PKI-1,fourth-tier
fluvastatin,miconazole,CYP2C9,PKI-1,fourth-tier
fluvastatin,metronidazole,CYP2C9,PKI-1,fourth-tier
fluvastatin,lapatinib,CYP3A4,PKI-1,fourth-tier
fluvastatin,ketoconazole,CYP3A4,PKI-1,fourth-tier
fluvastatin,itraconazole,CYP3A4,PKI-1,fourth-tier
fluvastatin,isoniazid,CYP3A4,PKI-1,fourth-tier
fluvastatin,indinavir,CYP3A4,PKI-1,fourth-tier
fluvastatin,imatinib,CYP3A4,PKI-1,fourth-tier
atorvastatin,gemfibrozil,OATP1B1,PKI-1,fourth-tier
fluvastatin,gemfibrozil,OATP1B1,PKI-1,fourth-tier
pravastatin,gemfibrozil,OATP1B1,PKI-1,fourth-tier
rosuvastatin,gemfibrozil,OATP1B1,PKI-1,fourth-tier
fluvastatin,gemfibrozil,CYP2C8,PKI-1,fourth-tier
fluvastatin,fosamprenavir,CYP3A4,PKI-1,fourth-tier
fluvastatin,fluvoxamine,CYP3A4,PKI-1,fourth-tier
fluvastatin,fluoxetine,CYP3A4,PKI-1,fourth-tier
fluvastatin,fluconazole,CYP3A4,PKI-1,fourth-tier
fluvastatin,etravirine,CYP2C9,PKI-1,fourth-tier
fluvastatin,erythromycin,CYP3A4,PKI-1,fourth-tier
atorvastatin,eltrombopag,OATP1B1,PKI-1,fourth-tier
fluvastatin,eltrombopag,OATP1B1,PKI-1,fourth-tier
pravastatin,eltrombopag,OATP1B1,PKI-1,fourth-tier
rosuvastatin,eltrombopag,OATP1B1,PKI-1,fourth-tier
fluvastatin,dronedarone,CYP3A4,PKI-1,fourth-tier
fluvastatin,diltiazem,CYP3A4,PKI-1,fourth-tier
atorvastatin,cyclosporine,OATP1B3,PKI-1,fourth-tier
rosuvastatin,cyclosporine,OATP1B3,PKI-1,fourth-tier
atorvastatin,cyclosporine,OATP1B1,PKI-1,fourth-tier
fluvastatin,cyclosporine,OATP1B1,PKI-1,fourth-tier
pravastatin,cyclosporine,OATP1B1,PKI-1,fourth-tier
rosuvastatin,cyclosporine,OATP1B1,PKI-1,fourth-tier
fluvastatin,cyclosporine,CYP3A4,PKI-1,fourth-tier
fluvastatin,crizotinib,CYP3A4,PKI-1,fourth-tier
fluvastatin,cotrimoxazole,CYP2C9,PKI-1,fourth-tier
fluvastatin,conivaptan,CYP3A4,PKI-1,fourth-tier
fluvastatin,clarithromycin,CYP3A4,PKI-1,fourth-tier
fluvastatin,ciprofloxacin,CYP3A4,PKI-1,fourth-tier
fluvastatin,cimetidine,CYP3A4,PKI-1,fourth-tier
fluvastatin,capecitabine,CYP2C9,PKI-1,fourth-tier
fluvastatin,boceprevir,CYP3A4,PKI-1,fourth-tier
fluvastatin,bicalutamide,CYP3A4,PKI-1,fourth-tier
fluvastatin,azithromycin,CYP3A4,PKI-1,fourth-tier
fluvastatin,atorvastatin,CYP3A4,PKI-1,fourth-tier
fluvastatin,atazanavir,CYP3A4,PKI-1,fourth-tier
fluvastatin,aprepitant,CYP3A4,PKI-1,fourth-tier
fluvastatin,amprenavir,CYP3A4,PKI-1,fourth-tier
fluvastatin,amiodarone,CYP3A4,PKI-1,fourth-tier
fluvastatin,amiodarone,CYP2C9,PKI-1,fourth-tier
fluvastatin,alprazolam,CYP3A4,PKI-1,fourth-tier
atorvastatin,ranolazine,CYP3A5,PKI-1,fourth-tier
atorvastatin,clarithromycin,CYP3A5,PKI-1,fourth-tier
atorvastatin,atazanavir,CYP3A5,PKI-1,fourth-tier
atorvastatin,zileuton,CYP3A4,PKI-1,fourth-tier
atorvastatin,zafirlukast,CYP3A4,PKI-1,fourth-tier
atorvastatin,voriconazole-n-oxide,CYP3A4,PKI-1,fourth-tier
atorvastatin,voriconazole,CYP3A4,PKI-1,fourth-tier
atorvastatin,verapamil,CYP3A4,PKI-1,fourth-tier
atorvastatin,telithromycin,CYP3A4,PKI-1,fourth-tier
atorvastatin,telaprevir,CYP3A4,PKI-1,fourth-tier
atorvastatin,ritonavir,CYP3A4,PKI-1,fourth-tier
atorvastatin,ranolazine,CYP3A4,PKI-1,fourth-tier
atorvastatin,ranitidine,CYP3A4,PKI-1,fourth-tier
atorvastatin,quinidine,CYP3A4,PKI-1,fourth-tier
atorvastatin,posaconazole,CYP3A4,PKI-1,fourth-tier
atorvastatin,pazopanib,CYP3A4,PKI-1,fourth-tier
atorvastatin,nilotinib,CYP3A4,PKI-1,fourth-tier
atorvastatin,nelfinavir,CYP3A4,PKI-1,fourth-tier
atorvastatin,nefazodone,CYP3A4,PKI-1,fourth-tier
atorvastatin,lapatinib,CYP3A4,PKI-1,fourth-tier
atorvastatin,ketoconazole,CYP3A4,PKI-1,fourth-tier
atorvastatin,itraconazole,CYP3A4,PKI-1,fourth-tier
atorvastatin,isoniazid,CYP3A4,PKI-1,fourth-tier
atorvastatin,indinavir,CYP3A4,PKI-1,fourth-tier
atorvastatin,imatinib,CYP3A4,PKI-1,fourth-tier
atorvastatin,fosamprenavir,CYP3A4,PKI-1,fourth-tier
atorvastatin,fluvoxamine,CYP3A4,PKI-1,fourth-tier
atorvastatin,fluoxetine,CYP3A4,PKI-1,fourth-tier
atorvastatin,fluconazole,CYP3A4,PKI-1,fourth-tier
atorvastatin,erythromycin,CYP3A4,PKI-1,fourth-tier
atorvastatin,dronedarone,CYP3A4,PKI-1,fourth-tier
atorvastatin,diltiazem,CYP3A4,PKI-1,fourth-tier
atorvastatin,cyclosporine,CYP3A4,PKI-1,fourth-tier
atorvastatin,crizotinib,CYP3A4,PKI-1,fourth-tier
atorvastatin,conivaptan,CYP3A4,PKI-1,fourth-tier
atorvastatin,clarithromycin,CYP3A4,PKI-1,fourth-tier
atorvastatin,ciprofloxacin,CYP3A4,PKI-1,fourth-tier
atorvastatin,cimetidine,CYP3A4,PKI-1,fourth-tier
atorvastatin,boceprevir,CYP3A4,PKI-1,fourth-tier
atorvastatin,bicalutamide,CYP3A4,PKI-1,fourth-tier
atorvastatin,azithromycin,CYP3A4,PKI-1,fourth-tier
atorvastatin,atazanavir,CYP3A4,PKI-1,fourth-tier
atorvastatin,aprepitant,CYP3A4,PKI-1,fourth-tier
atorvastatin,amprenavir,CYP3A4,PKI-1,fourth-tier
atorvastatin,amiodarone,CYP3A4,PKI-1,fourth-tier
atorvastatin,alprazolam,CYP3A4,PKI-1,fourth-tier
rosuvastatin,zafirlukast,CYP2C9,PKI-1,fourth-tier
rosuvastatin,voriconazole-n-oxide,CYP2C9,PKI-1,fourth-tier
rosuvastatin,voriconazole,CYP2C9,PKI-1,fourth-tier
rosuvastatin,tigecycline,CYP2C9,PKI-1,fourth-tier
rosuvastatin,teriflunomide,CYP2C9,PKI-1,fourth-tier
rosuvastatin,sulfinpyrazone,CYP2C9,PKI-1,fourth-tier
rosuvastatin,oxandrolone,CYP2C9,PKI-1,fourth-tier
rosuvastatin,miconazole,CYP2C9,PKI-1,fourth-tier
rosuvastatin,metronidazole,CYP2C9,PKI-1,fourth-tier
rosuvastatin,fluvastatin,CYP2C9,PKI-1,fourth-tier
rosuvastatin,etravirine,CYP2C9,PKI-1,fourth-tier
rosuvastatin,cotrimoxazole,CYP2C9,PKI-1,fourth-tier
rosuvastatin,capecitabine,CYP2C9,PKI-1,fourth-tier
rosuvastatin,amiodarone,CYP2C9,PKI-1,fourth-tier
duloxetine,paroxetine,CYP2D6,PKI-1,fourth-tier
trazodone,zileuton,CYP3A4,PKI-1,fourth-tier
duloxetine,zileuton,CYP1A2,PKI-1,fourth-tier
trazodone,zafirlukast,CYP3A4,PKI-1,fourth-tier
trazodone,voriconazole-n-oxide,CYP3A4,PKI-1,fourth-tier
citalopram,voriconazole-n-oxide,CYP2C19,PKI-1,fourth-tier
trazodone,voriconazole,CYP3A4,PKI-1,fourth-tier
citalopram,voriconazole,CYP2C19,PKI-1,fourth-tier
trazodone,verapamil,CYP3A4,PKI-1,fourth-tier
duloxetine,verapamil,CYP2D6,PKI-1,fourth-tier
paroxetine,verapamil,CYP2D6,PKI-1,fourth-tier
duloxetine,verapamil,CYP1A2,PKI-1,fourth-tier
duloxetine,venlafaxine,CYP2D6,PKI-1,fourth-tier
paroxetine,venlafaxine,CYP2D6,PKI-1,fourth-tier
duloxetine,vemurafenib,CYP2D6,PKI-1,fourth-tier
paroxetine,vemurafenib,CYP2D6,PKI-1,fourth-tier
duloxetine,vemurafenib,CYP1A2,PKI-1,fourth-tier
citalopram,ticlopidine,CYP2C19,PKI-1,fourth-tier
bupropion,ticlopidine,CYP2B6,PKI-1,fourth-tier
duloxetine,ticlopidine,CYP1A2,PKI-1,fourth-tier
duloxetine,terbinafine,CYP2D6,PKI-1,fourth-tier
paroxetine,terbinafine,CYP2D6,PKI-1,fourth-tier
duloxetine,terbinafine,CYP1A2,PKI-1,fourth-tier
trazodone,telithromycin,CYP3A4,PKI-1,fourth-tier
duloxetine,telithromycin,CYP2D6,PKI-1,fourth-tier
paroxetine,telithromycin,CYP2D6,PKI-1,fourth-tier
trazodone,telaprevir,CYP3A4,PKI-1,fourth-tier
trazodone,ritonavir,CYP3A4,PKI-1,fourth-tier
duloxetine,ritonavir,CYP2D6,PKI-1,fourth-tier
paroxetine,ritonavir,CYP2D6,PKI-1,fourth-tier
mirtazapine,ranolazine,CYP3A5,PKI-1,fourth-tier
trazodone,ranolazine,CYP3A4,PKI-1,fourth-tier
duloxetine,ranolazine,CYP2D6,PKI-1,fourth-tier
paroxetine,ranolazine,CYP2D6,PKI-1,fourth-tier
trazodone,ranitidine,CYP3A4,PKI-1,fourth-tier
duloxetine,ranitidine,CYP2D6,PKI-1,fourth-tier
paroxetine,ranitidine,CYP2D6,PKI-1,fourth-tier
trazodone,quinidine,CYP3A4,PKI-1,fourth-tier
duloxetine,quinidine,CYP2D6,PKI-1,fourth-tier
paroxetine,quinidine,CYP2D6,PKI-1,fourth-tier
duloxetine,propafenone,CYP2D6,PKI-1,fourth-tier
paroxetine,propafenone,CYP2D6,PKI-1,fourth-tier
duloxetine,propafenone,CYP1A2,PKI-1,fourth-tier
bupropion,prasugrel,CYP2B6,PKI-1,fourth-tier
trazodone,posaconazole,CYP3A4,PKI-1,fourth-tier
duloxetine,phenylpropanolamine,CYP1A2,PKI-1,fourth-tier
trazodone,pazopanib,CYP3A4,PKI-1,fourth-tier
duloxetine,pazopanib,CYP2D6,PKI-1,fourth-tier
paroxetine,pazopanib,CYP2D6,PKI-1,fourth-tier
citalopram,omeprazole,CYP2C19,PKI-1,fourth-tier
duloxetine,norfloxacin,CYP1A2,PKI-1,fourth-tier
trazodone,nilotinib,CYP3A4,PKI-1,fourth-tier
trazodone,nelfinavir,CYP3A4,PKI-1,fourth-tier
trazodone,nefazodone,CYP3A4,PKI-1,fourth-tier
citalopram,modafinil-sulfone,CYP2C19,PKI-1,fourth-tier
citalopram,modafinil,CYP2C19,PKI-1,fourth-tier
duloxetine,methoxsalen,CYP1A2,PKI-1,fourth-tier
duloxetine,methadone,CYP2D6,PKI-1,fourth-tier
paroxetine,methadone,CYP2D6,PKI-1,fourth-tier
trazodone,lapatinib,CYP3A4,PKI-1,fourth-tier
trazodone,ketoconazole,CYP3A4,PKI-1,fourth-tier
citalopram,ketoconazole,CYP2C19,PKI-1,fourth-tier
trazodone,itraconazole,CYP3A4,PKI-1,fourth-tier
trazodone,isoniazid,CYP3A4,PKI-1,fourth-tier
trazodone,indinavir,CYP3A4,PKI-1,fourth-tier
trazodone,imatinib,CYP3A4,PKI-1,fourth-tier
duloxetine,imatinib,CYP2D6,PKI-1,fourth-tier
paroxetine,imatinib,CYP2D6,PKI-1,fourth-tier
duloxetine,iloperidone,CYP2D6,PKI-1,fourth-tier
paroxetine,iloperidone,CYP2D6,PKI-1,fourth-tier
duloxetine,hydroxychloroquine,CYP2D6,PKI-1,fourth-tier
paroxetine,hydroxychloroquine,CYP2D6,PKI-1,fourth-tier
duloxetine,hydralazine,CYP2D6,PKI-1,fourth-tier
paroxetine,hydralazine,CYP2D6,PKI-1,fourth-tier
trazodone,fosamprenavir,CYP3A4,PKI-1,fourth-tier
trazodone,fluvoxamine,CYP3A4,PKI-1,fourth-tier
citalopram,fluvoxamine,CYP2C19,PKI-1,fourth-tier
trazodone,fluoxetine,CYP3A4,PKI-1,fourth-tier
citalopram,fluoxetine,CYP2C19,PKI-1,fourth-tier
trazodone,fluconazole,CYP3A4,PKI-1,fourth-tier
citalopram,fluconazole,CYP2C19,PKI-1,fourth-tier
citalopram,felbamate,CYP2C19,PKI-1,fourth-tier
duloxetine,febuxostat,CYP2D6,PKI-1,fourth-tier
paroxetine,febuxostat,CYP2D6,PKI-1,fourth-tier
duloxetine,famotidine,CYP1A2,PKI-1,fourth-tier
citalopram,etravirine,CYP2C19,PKI-1,fourth-tier
citalopram,esomeprazole,CYP2C19,PKI-1,fourth-tier
trazodone,erythromycin,CYP3A4,PKI-1,fourth-tier
paroxetine,duloxetine,CYP2D6,PKI-1,fourth-tier
trazodone,dronedarone,CYP3A4,PKI-1,fourth-tier
duloxetine,disulfiram,CYP1A2,PKI-1,fourth-tier
duloxetine,diphenhydramine,CYP2D6,PKI-1,fourth-tier
paroxetine,diphenhydramine,CYP2D6,PKI-1,fourth-tier
trazodone,diltiazem,CYP3A4,PKI-1,fourth-tier
duloxetine,diltiazem,CYP2D6,PKI-1,fourth-tier
paroxetine,diltiazem,CYP2D6,PKI-1,fourth-tier
duloxetine,desvenlafaxine,CYP2D6,PKI-1,fourth-tier
paroxetine,desvenlafaxine,CYP2D6,PKI-1,fourth-tier
trazodone,cyclosporine,CYP3A4,PKI-1,fourth-tier
trazodone,crizotinib,CYP3A4,PKI-1,fourth-tier
trazodone,conivaptan,CYP3A4,PKI-1,fourth-tier
bupropion,clopidogrel,CYP2B6,PKI-1,fourth-tier
duloxetine,clobazam,CYP2D6,PKI-1,fourth-tier
paroxetine,clobazam,CYP2D6,PKI-1,fourth-tier
mirtazapine,clarithromycin,CYP3A5,PKI-1,fourth-tier
trazodone,clarithromycin,CYP3A4,PKI-1,fourth-tier
trazodone,ciprofloxacin,CYP3A4,PKI-1,fourth-tier
duloxetine,ciprofloxacin,CYP1A2,PKI-1,fourth-tier
desipramine,paroxetine,CYP2D6,PKI-1,fourth-tier
desipramine,verapamil,CYP2D6,PKI-1,fourth-tier
desipramine,venlafaxine,CYP2D6,PKI-1,fourth-tier
desipramine,vemurafenib,CYP2D6,PKI-1,fourth-tier
desipramine,terbinafine,CYP2D6,PKI-1,fourth-tier
desipramine,telithromycin,CYP2D6,PKI-1,fourth-tier
desipramine,ritonavir,CYP2D6,PKI-1,fourth-tier
desipramine,ranolazine,CYP2D6,PKI-1,fourth-tier
desipramine,ranitidine,CYP2D6,PKI-1,fourth-tier
desipramine,quinidine,CYP2D6,PKI-1,fourth-tier
desipramine,propafenone,CYP2D6,PKI-1,fourth-tier
desipramine,pazopanib,CYP2D6,PKI-1,fourth-tier
desipramine,methadone,CYP2D6,PKI-1,fourth-tier
desipramine,imatinib,CYP2D6,PKI-1,fourth-tier
desipramine,iloperidone,CYP2D6,PKI-1,fourth-tier
desipramine,hydroxychloroquine,CYP2D6,PKI-1,fourth-tier
desipramine,hydralazine,CYP2D6,PKI-1,fourth-tier
desipramine,febuxostat,CYP2D6,PKI-1,fourth-tier
desipramine,duloxetine,CYP2D6,PKI-1,fourth-tier
desipramine,diphenhydramine,CYP2D6,PKI-1,fourth-tier
desipramine,diltiazem,CYP2D6,PKI-1,fourth-tier
desipramine,desvenlafaxine,CYP2D6,PKI-1,fourth-tier
desipramine,clobazam,CYP2D6,PKI-1,fourth-tier
duloxetine,cinacalcet,CYP2D6,PKI-1,fourth-tier
paroxetine,cinacalcet,CYP2D6,PKI-1,fourth-tier
desipramine,cinacalcet,CYP2D6,PKI-1,fourth-tier
trazodone,cimetidine,CYP3A4,PKI-1,fourth-tier
duloxetine,cimetidine,CYP2D6,PKI-1,fourth-tier
paroxetine,cimetidine,CYP2D6,PKI-1,fourth-tier
desipramine,cimetidine,CYP2D6,PKI-1,fourth-tier
citalopram,cimetidine,CYP2C19,PKI-1,fourth-tier
duloxetine,cimetidine,CYP1A2,PKI-1,fourth-tier
duloxetine,caffeine,CYP1A2,PKI-1,fourth-tier
trazodone,boceprevir,CYP3A4,PKI-1,fourth-tier
trazodone,bicalutamide,CYP3A4,PKI-1,fourth-tier
trazodone,azithromycin,CYP3A4,PKI-1,fourth-tier
trazodone,atorvastatin,CYP3A4,PKI-1,fourth-tier
mirtazapine,atazanavir,CYP3A5,PKI-1,fourth-tier
trazodone,atazanavir,CYP3A4,PKI-1,fourth-tier
citalopram,armodafinil,CYP2C19,PKI-1,fourth-tier
trazodone,aprepitant,CYP3A4,PKI-1,fourth-tier
trazodone,amprenavir,CYP3A4,PKI-1,fourth-tier
trazodone,amiodarone,CYP3A4,PKI-1,fourth-tier
duloxetine,amiodarone,CYP2D6,PKI-1,fourth-tier
paroxetine,amiodarone,CYP2D6,PKI-1,fourth-tier
desipramine,amiodarone,CYP2D6,PKI-1,fourth-tier
duloxetine,amiodarone,CYP1A2,PKI-1,fourth-tier
trazodone,alprazolam,CYP3A4,PKI-1,fourth-tier
duloxetine,allopurinol,CYP1A2,PKI-1,fourth-tier
duloxetine,acyclovir,CYP1A2,PKI-1,fourth-tier
sertraline,voriconazole-n-oxide,CYP2C19,PKI-1,fourth-tier
sertraline,voriconazole,CYP2C19,PKI-1,fourth-tier
sertraline,ticlopidine,CYP2C19,PKI-1,fourth-tier
sertraline,omeprazole,CYP2C19,PKI-1,fourth-tier
sertraline,modafinil-sulfone,CYP2C19,PKI-1,fourth-tier
sertraline,modafinil,CYP2C19,PKI-1,fourth-tier
sertraline,ketoconazole,CYP2C19,PKI-1,fourth-tier
sertraline,fluvoxamine,CYP2C19,PKI-1,fourth-tier
sertraline,fluoxetine,CYP2C19,PKI-1,fourth-tier
sertraline,fluconazole,CYP2C19,PKI-1,fourth-tier
sertraline,felbamate,CYP2C19,PKI-1,fourth-tier
sertraline,etravirine,CYP2C19,PKI-1,fourth-tier
sertraline,esomeprazole,CYP2C19,PKI-1,fourth-tier
sertraline,cimetidine,CYP2C19,PKI-1,fourth-tier
sertraline,armodafinil,CYP2C19,PKI-1,fourth-tier
eszopiclone,zileuton,CYP3A4,PKI-1,fourth-tier
zaleplon,zileuton,CYP3A4,PKI-1,fourth-tier
eszopiclone,zafirlukast,CYP3A4,PKI-1,fourth-tier
zaleplon,zafirlukast,CYP3A4,PKI-1,fourth-tier
eszopiclone,voriconazole-n-oxide,CYP3A4,PKI-1,fourth-tier
zaleplon,voriconazole-n-oxide,CYP3A4,PKI-1,fourth-tier
eszopiclone,voriconazole,CYP3A4,PKI-1,fourth-tier
zaleplon,voriconazole,CYP3A4,PKI-1,fourth-tier
eszopiclone,verapamil,CYP3A4,PKI-1,fourth-tier
zaleplon,verapamil,CYP3A4,PKI-1,fourth-tier
eszopiclone,telithromycin,CYP3A4,PKI-1,fourth-tier
zaleplon,telithromycin,CYP3A4,PKI-1,fourth-tier
eszopiclone,telaprevir,CYP3A4,PKI-1,fourth-tier
zaleplon,telaprevir,CYP3A4,PKI-1,fourth-tier
eszopiclone,ritonavir,CYP3A4,PKI-1,fourth-tier
zaleplon,ritonavir,CYP3A4,PKI-1,fourth-tier
zolpidem,ranolazine,CYP3A5,PKI-1,fourth-tier
eszopiclone,ranolazine,CYP3A4,PKI-1,fourth-tier
zaleplon,ranolazine,CYP3A4,PKI-1,fourth-tier
eszopiclone,ranitidine,CYP3A4,PKI-1,fourth-tier
zaleplon,ranitidine,CYP3A4,PKI-1,fourth-tier
eszopiclone,quinidine,CYP3A4,PKI-1,fourth-tier
zaleplon,quinidine,CYP3A4,PKI-1,fourth-tier
eszopiclone,posaconazole,CYP3A4,PKI-1,fourth-tier
zaleplon,posaconazole,CYP3A4,PKI-1,fourth-tier
eszopiclone,pazopanib,CYP3A4,PKI-1,fourth-tier
zaleplon,pazopanib,CYP3A4,PKI-1,fourth-tier
eszopiclone,nilotinib,CYP3A4,PKI-1,fourth-tier
zaleplon,nilotinib,CYP3A4,PKI-1,fourth-tier
eszopiclone,nelfinavir,CYP3A4,PKI-1,fourth-tier
zaleplon,nelfinavir,CYP3A4,PKI-1,fourth-tier
eszopiclone,nefazodone,CYP3A4,PKI-1,fourth-tier
zaleplon,nefazodone,CYP3A4,PKI-1,fourth-tier
eszopiclone,lapatinib,CYP3A4,PKI-1,fourth-tier
zaleplon,lapatinib,CYP3A4,PKI-1,fourth-tier
eszopiclone,ketoconazole,CYP3A4,PKI-1,fourth-tier
zaleplon,ketoconazole,CYP3A4,PKI-1,fourth-tier
eszopiclone,itraconazole,CYP3A4,PKI-1,fourth-tier
zaleplon,itraconazole,CYP3A4,PKI-1,fourth-tier
eszopiclone,isoniazid,CYP3A4,PKI-1,fourth-tier
zaleplon,isoniazid,CYP3A4,PKI-1,fourth-tier
eszopiclone,indinavir,CYP3A4,PKI-1,fourth-tier
zaleplon,indinavir,CYP3A4,PKI-1,fourth-tier
eszopiclone,imatinib,CYP3A4,PKI-1,fourth-tier
zaleplon,imatinib,CYP3A4,PKI-1,fourth-tier
eszopiclone,fosamprenavir,CYP3A4,PKI-1,fourth-tier
zaleplon,fosamprenavir,CYP3A4,PKI-1,fourth-tier
eszopiclone,fluvoxamine,CYP3A4,PKI-1,fourth-tier
zaleplon,fluvoxamine,CYP3A4,PKI-1,fourth-tier
eszopiclone,fluoxetine,CYP3A4,PKI-1,fourth-tier
zaleplon,fluoxetine,CYP3A4,PKI-1,fourth-tier
eszopiclone,fluconazole,CYP3A4,PKI-1,fourth-tier
zaleplon,fluconazole,CYP3A4,PKI-1,fourth-tier
eszopiclone,erythromycin,CYP3A4,PKI-1,fourth-tier
zaleplon,erythromycin,CYP3A4,PKI-1,fourth-tier
eszopiclone,dronedarone,CYP3A4,PKI-1,fourth-tier
zaleplon,dronedarone,CYP3A4,PKI-1,fourth-tier
eszopiclone,diltiazem,CYP3A4,PKI-1,fourth-tier
zaleplon,diltiazem,CYP3A4,PKI-1,fourth-tier
eszopiclone,cyclosporine,CYP3A4,PKI-1,fourth-tier
zaleplon,cyclosporine,CYP3A4,PKI-1,fourth-tier
eszopiclone,crizotinib,CYP3A4,PKI-1,fourth-tier
zaleplon,crizotinib,CYP3A4,PKI-1,fourth-tier
eszopiclone,conivaptan,CYP3A4,PKI-1,fourth-tier
zaleplon,conivaptan,CYP3A4,PKI-1,fourth-tier
zolpidem,clarithromycin,CYP3A5,PKI-1,fourth-tier
eszopiclone,clarithromycin,CYP3A4,PKI-1,fourth-tier
zaleplon,clarithromycin,CYP3A4,PKI-1,fourth-tier
eszopiclone,ciprofloxacin,CYP3A4,PKI-1,fourth-tier
zaleplon,ciprofloxacin,CYP3A4,PKI-1,fourth-tier
eszopiclone,cimetidine,CYP3A4,PKI-1,fourth-tier
zaleplon,cimetidine,CYP3A4,PKI-1,fourth-tier
eszopiclone,boceprevir,CYP3A4,PKI-1,fourth-tier
zaleplon,boceprevir,CYP3A4,PKI-1,fourth-tier
eszopiclone,bicalutamide,CYP3A4,PKI-1,fourth-tier
zaleplon,bicalutamide,CYP3A4,PKI-1,fourth-tier
eszopiclone,azithromycin,CYP3A4,PKI-1,fourth-tier
zaleplon,azithromycin,CYP3A4,PKI-1,fourth-tier
eszopiclone,atorvastatin,CYP3A4,PKI-1,fourth-tier
zaleplon,atorvastatin,CYP3A4,PKI-1,fourth-tier
zolpidem,atazanavir,CYP3A5,PKI-1,fourth-tier
eszopiclone,atazanavir,CYP3A4,PKI-1,fourth-tier
zaleplon,atazanavir,CYP3A4,PKI-1,fourth-tier
eszopiclone,aprepitant,CYP3A4,PKI-1,fourth-tier
zaleplon,aprepitant,CYP3A4,PKI-1,fourth-tier
eszopiclone,amprenavir,CYP3A4,PKI-1,fourth-tier
zaleplon,amprenavir,CYP3A4,PKI-1,fourth-tier
eszopiclone,amiodarone,CYP3A4,PKI-1,fourth-tier
zaleplon,amiodarone,CYP3A4,PKI-1,fourth-tier
eszopiclone,alprazolam,CYP3A4,PKI-1,fourth-tier
zaleplon,alprazolam,CYP3A4,PKI-1,fourth-tier
aripiprazole,paroxetine,CYP2D6,PKI-1,fourth-tier
clozapine,paroxetine,CYP2D6,PKI-1,fourth-tier
quetiapine,zileuton,CYP3A4,PKI-1,fourth-tier
lurasidone,zileuton,CYP3A4,PKI-1,fourth-tier
quetiapine,zafirlukast,CYP3A4,PKI-1,fourth-tier
lurasidone,zafirlukast,CYP3A4,PKI-1,fourth-tier
quetiapine,voriconazole-n-oxide,CYP3A4,PKI-1,fourth-tier
lurasidone,voriconazole-n-oxide,CYP3A4,PKI-1,fourth-tier
quetiapine,voriconazole,CYP3A4,PKI-1,fourth-tier
lurasidone,voriconazole,CYP3A4,PKI-1,fourth-tier
quetiapine,verapamil,CYP3A4,PKI-1,fourth-tier
lurasidone,verapamil,CYP3A4,PKI-1,fourth-tier
aripiprazole,verapamil,CYP2D6,PKI-1,fourth-tier
clozapine,verapamil,CYP2D6,PKI-1,fourth-tier
aripiprazole,venlafaxine,CYP2D6,PKI-1,fourth-tier
clozapine,venlafaxine,CYP2D6,PKI-1,fourth-tier
aripiprazole,vemurafenib,CYP2D6,PKI-1,fourth-tier
clozapine,vemurafenib,CYP2D6,PKI-1,fourth-tier
aripiprazole,terbinafine,CYP2D6,PKI-1,fourth-tier
clozapine,terbinafine,CYP2D6,PKI-1,fourth-tier
quetiapine,telithromycin,CYP3A4,PKI-1,fourth-tier
lurasidone,telithromycin,CYP3A4,PKI-1,fourth-tier
aripiprazole,telithromycin,CYP2D6,PKI-1,fourth-tier
clozapine,telithromycin,CYP2D6,PKI-1,fourth-tier
quetiapine,telaprevir,CYP3A4,PKI-1,fourth-tier
lurasidone,telaprevir,CYP3A4,PKI-1,fourth-tier
quetiapine,ritonavir,CYP3A4,PKI-1,fourth-tier
lurasidone,ritonavir,CYP3A4,PKI-1,fourth-tier
aripiprazole,ritonavir,CYP2D6,PKI-1,fourth-tier
clozapine,ritonavir,CYP2D6,PKI-1,fourth-tier
quetiapine,ranolazine,CYP3A4,PKI-1,fourth-tier
lurasidone,ranolazine,CYP3A4,PKI-1,fourth-tier
aripiprazole,ranolazine,CYP2D6,PKI-1,fourth-tier
clozapine,ranolazine,CYP2D6,PKI-1,fourth-tier
quetiapine,ranitidine,CYP3A4,PKI-1,fourth-tier
lurasidone,ranitidine,CYP3A4,PKI-1,fourth-tier
aripiprazole,ranitidine,CYP2D6,PKI-1,fourth-tier
clozapine,ranitidine,CYP2D6,PKI-1,fourth-tier
quetiapine,quinidine,CYP3A4,PKI-1,fourth-tier
lurasidone,quinidine,CYP3A4,PKI-1,fourth-tier
aripiprazole,quinidine,CYP2D6,PKI-1,fourth-tier
clozapine,quinidine,CYP2D6,PKI-1,fourth-tier
aripiprazole,propafenone,CYP2D6,PKI-1,fourth-tier
clozapine,propafenone,CYP2D6,PKI-1,fourth-tier
quetiapine,posaconazole,CYP3A4,PKI-1,fourth-tier
lurasidone,posaconazole,CYP3A4,PKI-1,fourth-tier
quetiapine,pazopanib,CYP3A4,PKI-1,fourth-tier
lurasidone,pazopanib,CYP3A4,PKI-1,fourth-tier
aripiprazole,pazopanib,CYP2D6,PKI-1,fourth-tier
clozapine,pazopanib,CYP2D6,PKI-1,fourth-tier
quetiapine,nilotinib,CYP3A4,PKI-1,fourth-tier
lurasidone,nilotinib,CYP3A4,PKI-1,fourth-tier
quetiapine,nelfinavir,CYP3A4,PKI-1,fourth-tier
lurasidone,nelfinavir,CYP3A4,PKI-1,fourth-tier
quetiapine,nefazodone,CYP3A4,PKI-1,fourth-tier
lurasidone,nefazodone,CYP3A4,PKI-1,fourth-tier
aripiprazole,methadone,CYP2D6,PKI-1,fourth-tier
clozapine,methadone,CYP2D6,PKI-1,fourth-tier
quetiapine,lapatinib,CYP3A4,PKI-1,fourth-tier
lurasidone,lapatinib,CYP3A4,PKI-1,fourth-tier
quetiapine,ketoconazole,CYP3A4,PKI-1,fourth-tier
lurasidone,ketoconazole,CYP3A4,PKI-1,fourth-tier
quetiapine,itraconazole,CYP3A4,PKI-1,fourth-tier
lurasidone,itraconazole,CYP3A4,PKI-1,fourth-tier
quetiapine,isoniazid,CYP3A4,PKI-1,fourth-tier
lurasidone,isoniazid,CYP3A4,PKI-1,fourth-tier
quetiapine,indinavir,CYP3A4,PKI-1,fourth-tier
lurasidone,indinavir,CYP3A4,PKI-1,fourth-tier
quetiapine,imatinib,CYP3A4,PKI-1,fourth-tier
lurasidone,imatinib,CYP3A4,PKI-1,fourth-tier
aripiprazole,imatinib,CYP2D6,PKI-1,fourth-tier
clozapine,imatinib,CYP2D6,PKI-1,fourth-tier
aripiprazole,iloperidone,CYP2D6,PKI-1,fourth-tier
clozapine,iloperidone,CYP2D6,PKI-1,fourth-tier
aripiprazole,hydroxychloroquine,CYP2D6,PKI-1,fourth-tier
clozapine,hydroxychloroquine,CYP2D6,PKI-1,fourth-tier
aripiprazole,hydralazine,CYP2D6,PKI-1,fourth-tier
clozapine,hydralazine,CYP2D6,PKI-1,fourth-tier
quetiapine,fosamprenavir,CYP3A4,PKI-1,fourth-tier
lurasidone,fosamprenavir,CYP3A4,PKI-1,fourth-tier
quetiapine,fluvoxamine,CYP3A4,PKI-1,fourth-tier
lurasidone,fluvoxamine,CYP3A4,PKI-1,fourth-tier
quetiapine,fluoxetine,CYP3A4,PKI-1,fourth-tier
lurasidone,fluoxetine,CYP3A4,PKI-1,fourth-tier
quetiapine,fluconazole,CYP3A4,PKI-1,fourth-tier
lurasidone,fluconazole,CYP3A4,PKI-1,fourth-tier
aripiprazole,febuxostat,CYP2D6,PKI-1,fourth-tier
clozapine,febuxostat,CYP2D6,PKI-1,fourth-tier
quetiapine,erythromycin,CYP3A4,PKI-1,fourth-tier
lurasidone,erythromycin,CYP3A4,PKI-1,fourth-tier
aripiprazole,duloxetine,CYP2D6,PKI-1,fourth-tier
clozapine,duloxetine,CYP2D6,PKI-1,fourth-tier
quetiapine,dronedarone,CYP3A4,PKI-1,fourth-tier
lurasidone,dronedarone,CYP3A4,PKI-1,fourth-tier
aripiprazole,diphenhydramine,CYP2D6,PKI-1,fourth-tier
clozapine,diphenhydramine,CYP2D6,PKI-1,fourth-tier
quetiapine,diltiazem,CYP3A4,PKI-1,fourth-tier
lurasidone,diltiazem,CYP3A4,PKI-1,fourth-tier
aripiprazole,diltiazem,CYP2D6,PKI-1,fourth-tier
clozapine,diltiazem,CYP2D6,PKI-1,fourth-tier
aripiprazole,desvenlafaxine,CYP2D6,PKI-1,fourth-tier
clozapine,desvenlafaxine,CYP2D6,PKI-1,fourth-tier
quetiapine,cyclosporine,CYP3A4,PKI-1,fourth-tier
lurasidone,cyclosporine,CYP3A4,PKI-1,fourth-tier
quetiapine,crizotinib,CYP3A4,PKI-1,fourth-tier
lurasidone,crizotinib,CYP3A4,PKI-1,fourth-tier
quetiapine,conivaptan,CYP3A4,PKI-1,fourth-tier
lurasidone,conivaptan,CYP3A4,PKI-1,fourth-tier
aripiprazole,clobazam,CYP2D6,PKI-1,fourth-tier
clozapine,clobazam,CYP2D6,PKI-1,fourth-tier
quetiapine,clarithromycin,CYP3A4,PKI-1,fourth-tier
lurasidone,clarithromycin,CYP3A4,PKI-1,fourth-tier
quetiapine,ciprofloxacin,CYP3A4,PKI-1,fourth-tier
lurasidone,ciprofloxacin,CYP3A4,PKI-1,fourth-tier
aripiprazole,cinacalcet,CYP2D6,PKI-1,fourth-tier
clozapine,cinacalcet,CYP2D6,PKI-1,fourth-tier
quetiapine,cimetidine,CYP3A4,PKI-1,fourth-tier
lurasidone,cimetidine,CYP3A4,PKI-1,fourth-tier
aripiprazole,cimetidine,CYP2D6,PKI-1,fourth-tier
clozapine,cimetidine,CYP2D6,PKI-1,fourth-tier
quetiapine,boceprevir,CYP3A4,PKI-1,fourth-tier
lurasidone,boceprevir,CYP3A4,PKI-1,fourth-tier
quetiapine,bicalutamide,CYP3A4,PKI-1,fourth-tier
lurasidone,bicalutamide,CYP3A4,PKI-1,fourth-tier
quetiapine,azithromycin,CYP3A4,PKI-1,fourth-tier
lurasidone,azithromycin,CYP3A4,PKI-1,fourth-tier
quetiapine,atorvastatin,CYP3A4,PKI-1,fourth-tier
lurasidone,atorvastatin,CYP3A4,PKI-1,fourth-tier
quetiapine,atazanavir,CYP3A4,PKI-1,fourth-tier
lurasidone,atazanavir,CYP3A4,PKI-1,fourth-tier
quetiapine,aprepitant,CYP3A4,PKI-1,fourth-tier
lurasidone,aprepitant,CYP3A4,PKI-1,fourth-tier
quetiapine,amprenavir,CYP3A4,PKI-1,fourth-tier
lurasidone,amprenavir,CYP3A4,PKI-1,fourth-tier
quetiapine,amiodarone,CYP3A4,PKI-1,fourth-tier
lurasidone,amiodarone,CYP3A4,PKI-1,fourth-tier
aripiprazole,amiodarone,CYP2D6,PKI-1,fourth-tier
clozapine,amiodarone,CYP2D6,PKI-1,fourth-tier
quetiapine,alprazolam,CYP3A4,PKI-1,fourth-tier
lurasidone,alprazolam,CYP3A4,PKI-1,fourth-tier
ziprasidone,zileuton,CYP3A4,PKI-1,fourth-tier
ziprasidone,zafirlukast,CYP3A4,PKI-1,fourth-tier
ziprasidone,voriconazole-n-oxide,CYP3A4,PKI-1,fourth-tier
ziprasidone,voriconazole,CYP3A4,PKI-1,fourth-tier
ziprasidone,verapamil,CYP3A4,PKI-1,fourth-tier
ziprasidone,telithromycin,CYP3A4,PKI-1,fourth-tier
ziprasidone,telaprevir,CYP3A4,PKI-1,fourth-tier
ziprasidone,ritonavir,CYP3A4,PKI-1,fourth-tier
ziprasidone,ranolazine,CYP3A4,PKI-1,fourth-tier
ziprasidone,ranitidine,CYP3A4,PKI-1,fourth-tier
ziprasidone,quinidine,CYP3A4,PKI-1,fourth-tier
ziprasidone,posaconazole,CYP3A4,PKI-1,fourth-tier
ziprasidone,pazopanib,CYP3A4,PKI-1,fourth-tier
ziprasidone,nilotinib,CYP3A4,PKI-1,fourth-tier
ziprasidone,nelfinavir,CYP3A4,PKI-1,fourth-tier
ziprasidone,nefazodone,CYP3A4,PKI-1,fourth-tier
ziprasidone,lapatinib,CYP3A4,PKI-1,fourth-tier
ziprasidone,ketoconazole,CYP3A4,PKI-1,fourth-tier
ziprasidone,itraconazole,CYP3A4,PKI-1,fourth-tier
ziprasidone,isoniazid,CYP3A4,PKI-1,fourth-tier
ziprasidone,indinavir,CYP3A4,PKI-1,fourth-tier
ziprasidone,imatinib,CYP3A4,PKI-1,fourth-tier
ziprasidone,fosamprenavir,CYP3A4,PKI-1,fourth-tier
ziprasidone,fluvoxamine,CYP3A4,PKI-1,fourth-tier
ziprasidone,fluoxetine,CYP3A4,PKI-1,fourth-tier
ziprasidone,fluconazole,CYP3A4,PKI-1,fourth-tier
ziprasidone,erythromycin,CYP3A4,PKI-1,fourth-tier
ziprasidone,dronedarone,CYP3A4,PKI-1,fourth-tier
ziprasidone,diltiazem,CYP3A4,PKI-1,fourth-tier
ziprasidone,cyclosporine,CYP3A4,PKI-1,fourth-tier
ziprasidone,crizotinib,CYP3A4,PKI-1,fourth-tier
ziprasidone,conivaptan,CYP3A4,PKI-1,fourth-tier
ziprasidone,clarithromycin,CYP3A4,PKI-1,fourth-tier
ziprasidone,ciprofloxacin,CYP3A4,PKI-1,fourth-tier
ziprasidone,cimetidine,CYP3A4,PKI-1,fourth-tier
ziprasidone,boceprevir,CYP3A4,PKI-1,fourth-tier
ziprasidone,bicalutamide,CYP3A4,PKI-1,fourth-tier
ziprasidone,azithromycin,CYP3A4,PKI-1,fourth-tier
ziprasidone,atorvastatin,CYP3A4,PKI-1,fourth-tier
ziprasidone,atazanavir,CYP3A4,PKI-1,fourth-tier
ziprasidone,aprepitant,CYP3A4,PKI-1,fourth-tier
ziprasidone,amprenavir,CYP3A4,PKI-1,fourth-tier
ziprasidone,amiodarone,CYP3A4,PKI-1,fourth-tier
ziprasidone,alprazolam,CYP3A4,PKI-1,fourth-tier
risperidone,paroxetine,CYP2D6,PKI-1,fourth-tier
risperidone,verapamil,CYP2D6,PKI-1,fourth-tier
risperidone,venlafaxine,CYP2D6,PKI-1,fourth-tier
risperidone,vemurafenib,CYP2D6,PKI-1,fourth-tier
risperidone,terbinafine,CYP2D6,PKI-1,fourth-tier
risperidone,telithromycin,CYP2D6,PKI-1,fourth-tier
risperidone,ritonavir,CYP2D6,PKI-1,fourth-tier
risperidone,ranolazine,CYP2D6,PKI-1,fourth-tier
risperidone,ranitidine,CYP2D6,PKI-1,fourth-tier
risperidone,quinidine,CYP2D6,PKI-1,fourth-tier
risperidone,propafenone,CYP2D6,PKI-1,fourth-tier
risperidone,pazopanib,CYP2D6,PKI-1,fourth-tier
risperidone,methadone,CYP2D6,PKI-1,fourth-tier
risperidone,imatinib,CYP2D6,PKI-1,fourth-tier
risperidone,iloperidone,CYP2D6,PKI-1,fourth-tier
risperidone,hydroxychloroquine,CYP2D6,PKI-1,fourth-tier
risperidone,hydralazine,CYP2D6,PKI-1,fourth-tier
risperidone,febuxostat,CYP2D6,PKI-1,fourth-tier
risperidone,duloxetine,CYP2D6,PKI-1,fourth-tier
risperidone,diphenhydramine,CYP2D6,PKI-1,fourth-tier
risperidone,diltiazem,CYP2D6,PKI-1,fourth-tier
risperidone,desvenlafaxine,CYP2D6,PKI-1,fourth-tier
risperidone,clobazam,CYP2D6,PKI-1,fourth-tier
risperidone,cinacalcet,CYP2D6,PKI-1,fourth-tier
risperidone,cimetidine,CYP2D6,PKI-1,fourth-tier
risperidone,amiodarone,CYP2D6,PKI-1,fourth-tier
pimozide,paroxetine,CYP2D6,PKI-1,fourth-tier
thioridazine,paroxetine,CYP2D6,PKI-1,fourth-tier
perphenazine,paroxetine,CYP2D6,PKI-1,fourth-tier
pimozide,zileuton,CYP3A4,PKI-1,fourth-tier
pimozide,zafirlukast,CYP3A4,PKI-1,fourth-tier
pimozide,voriconazole-n-oxide,CYP3A4,PKI-1,fourth-tier
perphenazine,voriconazole-n-oxide,CYP2C19,PKI-1,fourth-tier
pimozide,voriconazole,CYP3A4,PKI-1,fourth-tier
perphenazine,voriconazole,CYP2C19,PKI-1,fourth-tier
pimozide,verapamil,CYP3A4,PKI-1,fourth-tier
pimozide,verapamil,CYP2D6,PKI-1,fourth-tier
thioridazine,verapamil,CYP2D6,PKI-1,fourth-tier
perphenazine,verapamil,CYP2D6,PKI-1,fourth-tier
pimozide,venlafaxine,CYP2D6,PKI-1,fourth-tier
thioridazine,venlafaxine,CYP2D6,PKI-1,fourth-tier
perphenazine,venlafaxine,CYP2D6,PKI-1,fourth-tier
pimozide,vemurafenib,CYP2D6,PKI-1,fourth-tier
thioridazine,vemurafenib,CYP2D6,PKI-1,fourth-tier
perphenazine,vemurafenib,CYP2D6,PKI-1,fourth-tier
perphenazine,ticlopidine,CYP2C19,PKI-1,fourth-tier
pimozide,terbinafine,CYP2D6,PKI-1,fourth-tier
thioridazine,terbinafine,CYP2D6,PKI-1,fourth-tier
perphenazine,terbinafine,CYP2D6,PKI-1,fourth-tier
pimozide,telithromycin,CYP3A4,PKI-1,fourth-tier
pimozide,telithromycin,CYP2D6,PKI-1,fourth-tier
thioridazine,telithromycin,CYP2D6,PKI-1,fourth-tier
perphenazine,telithromycin,CYP2D6,PKI-1,fourth-tier
pimozide,telaprevir,CYP3A4,PKI-1,fourth-tier
pimozide,ritonavir,CYP3A4,PKI-1,fourth-tier
pimozide,ritonavir,CYP2D6,PKI-1,fourth-tier
thioridazine,ritonavir,CYP2D6,PKI-1,fourth-tier
perphenazine,ritonavir,CYP2D6,PKI-1,fourth-tier
pimozide,ranolazine,CYP3A4,PKI-1,fourth-tier
pimozide,ranolazine,CYP2D6,PKI-1,fourth-tier
thioridazine,ranolazine,CYP2D6,PKI-1,fourth-tier
perphenazine,ranolazine,CYP2D6,PKI-1,fourth-tier
pimozide,ranitidine,CYP3A4,PKI-1,fourth-tier
pimozide,ranitidine,CYP2D6,PKI-1,fourth-tier
thioridazine,ranitidine,CYP2D6,PKI-1,fourth-tier
perphenazine,ranitidine,CYP2D6,PKI-1,fourth-tier
pimozide,quinidine,CYP3A4,PKI-1,fourth-tier
pimozide,quinidine,CYP2D6,PKI-1,fourth-tier
thioridazine,quinidine,CYP2D6,PKI-1,fourth-tier
perphenazine,quinidine,CYP2D6,PKI-1,fourth-tier
pimozide,propafenone,CYP2D6,PKI-1,fourth-tier
thioridazine,propafenone,CYP2D6,PKI-1,fourth-tier
perphenazine,propafenone,CYP2D6,PKI-1,fourth-tier
pimozide,posaconazole,CYP3A4,PKI-1,fourth-tier
pimozide,pazopanib,CYP3A4,PKI-1,fourth-tier
pimozide,pazopanib,CYP2D6,PKI-1,fourth-tier
thioridazine,pazopanib,CYP2D6,PKI-1,fourth-tier
perphenazine,pazopanib,CYP2D6,PKI-1,fourth-tier
perphenazine,omeprazole,CYP2C19,PKI-1,fourth-tier
pimozide,nilotinib,CYP3A4,PKI-1,fourth-tier
pimozide,nelfinavir,CYP3A4,PKI-1,fourth-tier
pimozide,nefazodone,CYP3A4,PKI-1,fourth-tier
perphenazine,modafinil-sulfone,CYP2C19,PKI-1,fourth-tier
perphenazine,modafinil,CYP2C19,PKI-1,fourth-tier
pimozide,methadone,CYP2D6,PKI-1,fourth-tier
thioridazine,methadone,CYP2D6,PKI-1,fourth-tier
perphenazine,methadone,CYP2D6,PKI-1,fourth-tier
pimozide,lapatinib,CYP3A4,PKI-1,fourth-tier
pimozide,ketoconazole,CYP3A4,PKI-1,fourth-tier
perphenazine,ketoconazole,CYP2C19,PKI-1,fourth-tier
pimozide,itraconazole,CYP3A4,PKI-1,fourth-tier
pimozide,isoniazid,CYP3A4,PKI-1,fourth-tier
pimozide,indinavir,CYP3A4,PKI-1,fourth-tier
pimozide,imatinib,CYP3A4,PKI-1,fourth-tier
pimozide,imatinib,CYP2D6,PKI-1,fourth-tier
thioridazine,imatinib,CYP2D6,PKI-1,fourth-tier
perphenazine,imatinib,CYP2D6,PKI-1,fourth-tier
pimozide,iloperidone,CYP2D6,PKI-1,fourth-tier
thioridazine,iloperidone,CYP2D6,PKI-1,fourth-tier
perphenazine,iloperidone,CYP2D6,PKI-1,fourth-tier
pimozide,hydroxychloroquine,CYP2D6,PKI-1,fourth-tier
thioridazine,hydroxychloroquine,CYP2D6,PKI-1,fourth-tier
perphenazine,hydroxychloroquine,CYP2D6,PKI-1,fourth-tier
pimozide,hydralazine,CYP2D6,PKI-1,fourth-tier
thioridazine,hydralazine,CYP2D6,PKI-1,fourth-tier
perphenazine,hydralazine,CYP2D6,PKI-1,fourth-tier
pimozide,fosamprenavir,CYP3A4,PKI-1,fourth-tier
pimozide,fluvoxamine,CYP3A4,PKI-1,fourth-tier
perphenazine,fluvoxamine,CYP2C19,PKI-1,fourth-tier
pimozide,fluoxetine,CYP3A4,PKI-1,fourth-tier
perphenazine,fluoxetine,CYP2C19,PKI-1,fourth-tier
pimozide,fluconazole,CYP3A4,PKI-1,fourth-tier
perphenazine,fluconazole,CYP2C19,PKI-1,fourth-tier
perphenazine,felbamate,CYP2C19,PKI-1,fourth-tier
pimozide,febuxostat,CYP2D6,PKI-1,fourth-tier
thioridazine,febuxostat,CYP2D6,PKI-1,fourth-tier
perphenazine,febuxostat,CYP2D6,PKI-1,fourth-tier
perphenazine,etravirine,CYP2C19,PKI-1,fourth-tier
perphenazine,esomeprazole,CYP2C19,PKI-1,fourth-tier
pimozide,erythromycin,CYP3A4,PKI-1,fourth-tier
pimozide,duloxetine,CYP2D6,PKI-1,fourth-tier
thioridazine,duloxetine,CYP2D6,PKI-1,fourth-tier
perphenazine,duloxetine,CYP2D6,PKI-1,fourth-tier
pimozide,dronedarone,CYP3A4,PKI-1,fourth-tier
pimozide,diphenhydramine,CYP2D6,PKI-1,fourth-tier
thioridazine,diphenhydramine,CYP2D6,PKI-1,fourth-tier
perphenazine,diphenhydramine,CYP2D6,PKI-1,fourth-tier
pimozide,diltiazem,CYP3A4,PKI-1,fourth-tier
pimozide,diltiazem,CYP2D6,PKI-1,fourth-tier
thioridazine,diltiazem,CYP2D6,PKI-1,fourth-tier
perphenazine,diltiazem,CYP2D6,PKI-1,fourth-tier
pimozide,desvenlafaxine,CYP2D6,PKI-1,fourth-tier
thioridazine,desvenlafaxine,CYP2D6,PKI-1,fourth-tier
perphenazine,desvenlafaxine,CYP2D6,PKI-1,fourth-tier
pimozide,cyclosporine,CYP3A4,PKI-1,fourth-tier
pimozide,crizotinib,CYP3A4,PKI-1,fourth-tier
pimozide,conivaptan,CYP3A4,PKI-1,fourth-tier
pimozide,clobazam,CYP2D6,PKI-1,fourth-tier
thioridazine,clobazam,CYP2D6,PKI-1,fourth-tier
perphenazine,clobazam,CYP2D6,PKI-1,fourth-tier
pimozide,clarithromycin,CYP3A4,PKI-1,fourth-tier
pimozide,ciprofloxacin,CYP3A4,PKI-1,fourth-tier
pimozide,cinacalcet,CYP2D6,PKI-1,fourth-tier
thioridazine,cinacalcet,CYP2D6,PKI-1,fourth-tier
perphenazine,cinacalcet,CYP2D6,PKI-1,fourth-tier
pimozide,cimetidine,CYP3A4,PKI-1,fourth-tier
pimozide,cimetidine,CYP2D6,PKI-1,fourth-tier
thioridazine,cimetidine,CYP2D6,PKI-1,fourth-tier
perphenazine,cimetidine,CYP2D6,PKI-1,fourth-tier
perphenazine,cimetidine,CYP2C19,PKI-1,fourth-tier
pimozide,boceprevir,CYP3A4,PKI-1,fourth-tier
pimozide,bicalutamide,CYP3A4,PKI-1,fourth-tier
pimozide,azithromycin,CYP3A4,PKI-1,fourth-tier
pimozide,atorvastatin,CYP3A4,PKI-1,fourth-tier
pimozide,atazanavir,CYP3A4,PKI-1,fourth-tier
perphenazine,armodafinil,CYP2C19,PKI-1,fourth-tier
pimozide,aprepitant,CYP3A4,PKI-1,fourth-tier
pimozide,amprenavir,CYP3A4,PKI-1,fourth-tier
pimozide,amiodarone,CYP3A4,PKI-1,fourth-tier
pimozide,amiodarone,CYP2D6,PKI-1,fourth-tier
thioridazine,amiodarone,CYP2D6,PKI-1,fourth-tier
perphenazine,amiodarone,CYP2D6,PKI-1,fourth-tier
pimozide,alprazolam,CYP3A4,PKI-1,fourth-tier
alprazolam,ranolazine,CYP3A5,PKI-1,fourth-tier
midazolam,ranolazine,CYP3A5,PKI-1,fourth-tier
triazolam,zileuton,CYP3A4,PKI-1,fourth-tier
triazolam,zafirlukast,CYP3A4,PKI-1,fourth-tier
triazolam,voriconazole-n-oxide,CYP3A4,PKI-1,fourth-tier
triazolam,voriconazole,CYP3A4,PKI-1,fourth-tier
triazolam,verapamil,CYP3A4,PKI-1,fourth-tier
triazolam,telithromycin,CYP3A4,PKI-1,fourth-tier
triazolam,telaprevir,CYP3A4,PKI-1,fourth-tier
triazolam,ritonavir,CYP3A4,PKI-1,fourth-tier
triazolam,ranolazine,CYP3A4,PKI-1,fourth-tier
triazolam,ranitidine,CYP3A4,PKI-1,fourth-tier
triazolam,quinidine,CYP3A4,PKI-1,fourth-tier
triazolam,posaconazole,CYP3A4,PKI-1,fourth-tier
triazolam,pazopanib,CYP3A4,PKI-1,fourth-tier
triazolam,nilotinib,CYP3A4,PKI-1,fourth-tier
triazolam,nelfinavir,CYP3A4,PKI-1,fourth-tier
triazolam,nefazodone,CYP3A4,PKI-1,fourth-tier
triazolam,lapatinib,CYP3A4,PKI-1,fourth-tier
triazolam,ketoconazole,CYP3A4,PKI-1,fourth-tier
triazolam,itraconazole,CYP3A4,PKI-1,fourth-tier
triazolam,isoniazid,CYP3A4,PKI-1,fourth-tier
triazolam,indinavir,CYP3A4,PKI-1,fourth-tier
triazolam,imatinib,CYP3A4,PKI-1,fourth-tier
triazolam,fosamprenavir,CYP3A4,PKI-1,fourth-tier
triazolam,fluvoxamine,CYP3A4,PKI-1,fourth-tier
triazolam,fluoxetine,CYP3A4,PKI-1,fourth-tier
triazolam,fluconazole,CYP3A4,PKI-1,fourth-tier
triazolam,erythromycin,CYP3A4,PKI-1,fourth-tier
triazolam,dronedarone,CYP3A4,PKI-1,fourth-tier
triazolam,diltiazem,CYP3A4,PKI-1,fourth-tier
triazolam,cyclosporine,CYP3A4,PKI-1,fourth-tier
triazolam,crizotinib,CYP3A4,PKI-1,fourth-tier
triazolam,conivaptan,CYP3A4,PKI-1,fourth-tier
alprazolam,clarithromycin,CYP3A5,PKI-1,fourth-tier
midazolam,clarithromycin,CYP3A5,PKI-1,fourth-tier
triazolam,clarithromycin,CYP3A4,PKI-1,fourth-tier
triazolam,ciprofloxacin,CYP3A4,PKI-1,fourth-tier
triazolam,cimetidine,CYP3A4,PKI-1,fourth-tier
triazolam,boceprevir,CYP3A4,PKI-1,fourth-tier
triazolam,bicalutamide,CYP3A4,PKI-1,fourth-tier
triazolam,azithromycin,CYP3A4,PKI-1,fourth-tier
triazolam,atorvastatin,CYP3A4,PKI-1,fourth-tier
alprazolam,atazanavir,CYP3A5,PKI-1,fourth-tier
midazolam,atazanavir,CYP3A5,PKI-1,fourth-tier
triazolam,atazanavir,CYP3A4,PKI-1,fourth-tier
triazolam,aprepitant,CYP3A4,PKI-1,fourth-tier
triazolam,amprenavir,CYP3A4,PKI-1,fourth-tier
triazolam,amiodarone,CYP3A4,PKI-1,fourth-tier
triazolam,alprazolam,CYP3A4,PKI-1,fourth-tier
midazolam,zileuton,CYP3A4,PKI-1,fourth-tier
midazolam,zafirlukast,CYP3A4,PKI-1,fourth-tier
midazolam,voriconazole-n-oxide,CYP3A4,PKI-1,fourth-tier
midazolam,voriconazole,CYP3A4,PKI-1,fourth-tier
midazolam,verapamil,CYP3A4,PKI-1,fourth-tier
midazolam,telithromycin,CYP3A4,PKI-1,fourth-tier
midazolam,telaprevir,CYP3A4,PKI-1,fourth-tier
midazolam,ritonavir,CYP3A4,PKI-1,fourth-tier
midazolam,ranolazine,CYP3A4,PKI-1,fourth-tier
midazolam,ranitidine,CYP3A4,PKI-1,fourth-tier
midazolam,quinidine,CYP3A4,PKI-1,fourth-tier
midazolam,posaconazole,CYP3A4,PKI-1,fourth-tier
midazolam,pazopanib,CYP3A4,PKI-1,fourth-tier
midazolam,nilotinib,CYP3A4,PKI-1,fourth-tier
midazolam,nelfinavir,CYP3A4,PKI-1,fourth-tier
midazolam,nefazodone,CYP3A4,PKI-1,fourth-tier
midazolam,lapatinib,CYP3A4,PKI-1,fourth-tier
midazolam,ketoconazole,CYP3A4,PKI-1,fourth-tier
midazolam,itraconazole,CYP3A4,PKI-1,fourth-tier
midazolam,isoniazid,CYP3A4,PKI-1,fourth-tier
midazolam,indinavir,CYP3A4,PKI-1,fourth-tier
midazolam,imatinib,CYP3A4,PKI-1,fourth-tier
midazolam,fosamprenavir,CYP3A4,PKI-1,fourth-tier
midazolam,fluvoxamine,CYP3A4,PKI-1,fourth-tier
midazolam,fluoxetine,CYP3A4,PKI-1,fourth-tier
midazolam,fluconazole,CYP3A4,PKI-1,fourth-tier
midazolam,erythromycin,CYP3A4,PKI-1,fourth-tier
midazolam,dronedarone,CYP3A4,PKI-1,fourth-tier
midazolam,diltiazem,CYP3A4,PKI-1,fourth-tier
midazolam,cyclosporine,CYP3A4,PKI-1,fourth-tier
midazolam,crizotinib,CYP3A4,PKI-1,fourth-tier
midazolam,conivaptan,CYP3A4,PKI-1,fourth-tier
midazolam,clarithromycin,CYP3A4,PKI-1,fourth-tier
midazolam,ciprofloxacin,CYP3A4,PKI-1,fourth-tier
midazolam,cimetidine,CYP3A4,PKI-1,fourth-tier
midazolam,boceprevir,CYP3A4,PKI-1,fourth-tier
midazolam,bicalutamide,CYP3A4,PKI-1,fourth-tier
midazolam,azithromycin,CYP3A4,PKI-1,fourth-tier
midazolam,atorvastatin,CYP3A4,PKI-1,fourth-tier
midazolam,atazanavir,CYP3A4,PKI-1,fourth-tier
midazolam,aprepitant,CYP3A4,PKI-1,fourth-tier
midazolam,amprenavir,CYP3A4,PKI-1,fourth-tier
midazolam,amiodarone,CYP3A4,PKI-1,fourth-tier
midazolam,alprazolam,CYP3A4,PKI-1,fourth-tier
alprazolam,zileuton,CYP3A4,PKI-1,fourth-tier
alprazolam,zafirlukast,CYP3A4,PKI-1,fourth-tier
alprazolam,voriconazole-n-oxide,CYP3A4,PKI-1,fourth-tier
alprazolam,voriconazole,CYP3A4,PKI-1,fourth-tier
alprazolam,verapamil,CYP3A4,PKI-1,fourth-tier
alprazolam,telithromycin,CYP3A4,PKI-1,fourth-tier
alprazolam,telaprevir,CYP3A4,PKI-1,fourth-tier
alprazolam,ritonavir,CYP3A4,PKI-1,fourth-tier
alprazolam,ranolazine,CYP3A4,PKI-1,fourth-tier
alprazolam,ranitidine,CYP3A4,PKI-1,fourth-tier
alprazolam,quinidine,CYP3A4,PKI-1,fourth-tier
alprazolam,posaconazole,CYP3A4,PKI-1,fourth-tier
alprazolam,pazopanib,CYP3A4,PKI-1,fourth-tier
alprazolam,nilotinib,CYP3A4,PKI-1,fourth-tier
alprazolam,nelfinavir,CYP3A4,PKI-1,fourth-tier
alprazolam,nefazodone,CYP3A4,PKI-1,fourth-tier
alprazolam,lapatinib,CYP3A4,PKI-1,fourth-tier
alprazolam,ketoconazole,CYP3A4,PKI-1,fourth-tier
alprazolam,itraconazole,CYP3A4,PKI-1,fourth-tier
alprazolam,isoniazid,CYP3A4,PKI-1,fourth-tier
alprazolam,indinavir,CYP3A4,PKI-1,fourth-tier
alprazolam,imatinib,CYP3A4,PKI-1,fourth-tier
alprazolam,fosamprenavir,CYP3A4,PKI-1,fourth-tier
alprazolam,fluvoxamine,CYP3A4,PKI-1,fourth-tier
alprazolam,fluoxetine,CYP3A4,PKI-1,fourth-tier
alprazolam,fluconazole,CYP3A4,PKI-1,fourth-tier
alprazolam,erythromycin,CYP3A4,PKI-1,fourth-tier
alprazolam,dronedarone,CYP3A4,PKI-1,fourth-tier
alprazolam,diltiazem,CYP3A4,PKI-1,fourth-tier
alprazolam,cyclosporine,CYP3A4,PKI-1,fourth-tier
alprazolam,crizotinib,CYP3A4,PKI-1,fourth-tier
alprazolam,conivaptan,CYP3A4,PKI-1,fourth-tier
alprazolam,clarithromycin,CYP3A4,PKI-1,fourth-tier
alprazolam,ciprofloxacin,CYP3A4,PKI-1,fourth-tier
alprazolam,cimetidine,CYP3A4,PKI-1,fourth-tier
alprazolam,boceprevir,CYP3A4,PKI-1,fourth-tier
alprazolam,bicalutamide,CYP3A4,PKI-1,fourth-tier
alprazolam,azithromycin,CYP3A4,PKI-1,fourth-tier
alprazolam,atorvastatin,CYP3A4,PKI-1,fourth-tier
alprazolam,atazanavir,CYP3A4,PKI-1,fourth-tier
alprazolam,aprepitant,CYP3A4,PKI-1,fourth-tier
alprazolam,amprenavir,CYP3A4,PKI-1,fourth-tier
alprazolam,amiodarone,CYP3A4,PKI-1,fourth-tier
diltiazem,zileuton,CYP3A4,PKI-1,fourth-tier
diltiazem,zafirlukast,CYP3A4,PKI-1,fourth-tier
diltiazem,voriconazole-n-oxide,CYP3A4,PKI-1,fourth-tier
diltiazem,voriconazole,CYP3A4,PKI-1,fourth-tier
diltiazem,verapamil,CYP3A4,PKI-1,fourth-tier
diltiazem,telithromycin,CYP3A4,PKI-1,fourth-tier
diltiazem,telaprevir,CYP3A4,PKI-1,fourth-tier
diltiazem,ritonavir,CYP3A4,PKI-1,fourth-tier
diltiazem,ranolazine,CYP3A5,PKI-1,fourth-tier
diltiazem,ranolazine,CYP3A4,PKI-1,fourth-tier
diltiazem,ranitidine,CYP3A4,PKI-1,fourth-tier
diltiazem,quinidine,CYP3A4,PKI-1,fourth-tier
diltiazem,posaconazole,CYP3A4,PKI-1,fourth-tier
diltiazem,pazopanib,CYP3A4,PKI-1,fourth-tier
diltiazem,nilotinib,CYP3A4,PKI-1,fourth-tier
diltiazem,nelfinavir,CYP3A4,PKI-1,fourth-tier
diltiazem,nefazodone,CYP3A4,PKI-1,fourth-tier
diltiazem,lapatinib,CYP3A4,PKI-1,fourth-tier
diltiazem,ketoconazole,CYP3A4,PKI-1,fourth-tier
diltiazem,itraconazole,CYP3A4,PKI-1,fourth-tier
diltiazem,isoniazid,CYP3A4,PKI-1,fourth-tier
diltiazem,indinavir,CYP3A4,PKI-1,fourth-tier
diltiazem,imatinib,CYP3A4,PKI-1,fourth-tier
diltiazem,fosamprenavir,CYP3A4,PKI-1,fourth-tier
diltiazem,fluvoxamine,CYP3A4,PKI-1,fourth-tier
diltiazem,fluoxetine,CYP3A4,PKI-1,fourth-tier
diltiazem,fluconazole,CYP3A4,PKI-1,fourth-tier
diltiazem,erythromycin,CYP3A4,PKI-1,fourth-tier
diltiazem,dronedarone,CYP3A4,PKI-1,fourth-tier
diltiazem,cyclosporine,CYP3A4,PKI-1,fourth-tier
diltiazem,crizotinib,CYP3A4,PKI-1,fourth-tier
diltiazem,conivaptan,CYP3A4,PKI-1,fourth-tier
diltiazem,clarithromycin,CYP3A5,PKI-1,fourth-tier
diltiazem,clarithromycin,CYP3A4,PKI-1,fourth-tier
diltiazem,ciprofloxacin,CYP3A4,PKI-1,fourth-tier
diltiazem,cimetidine,CYP3A4,PKI-1,fourth-tier
diltiazem,boceprevir,CYP3A4,PKI-1,fourth-tier
diltiazem,bicalutamide,CYP3A4,PKI-1,fourth-tier
diltiazem,azithromycin,CYP3A4,PKI-1,fourth-tier
diltiazem,atorvastatin,CYP3A4,PKI-1,fourth-tier
diltiazem,atazanavir,CYP3A5,PKI-1,fourth-tier
diltiazem,atazanavir,CYP3A4,PKI-1,fourth-tier
diltiazem,aprepitant,CYP3A4,PKI-1,fourth-tier
diltiazem,amprenavir,CYP3A4,PKI-1,fourth-tier
diltiazem,amiodarone,CYP3A4,PKI-1,fourth-tier
diltiazem,alprazolam,CYP3A4,PKI-1,fourth-tier
